Index,Cluster_ID,Orbital_Radius,X_Orbit,Y_Orbit,Z_Height,Energy_Level
0,1,80.88850500466627,79.59802518939321,-14.391130179337674,5.474876269368279,1.2432006713349475
1,3,113.32327820644949,-55.432415712251355,98.84033929403773,8.08539668982642,1.2071206421006981
2,2,41.90098925502981,-41.6345153744946,4.718053632706677,5.91435323737685,2.721016763496878
3,2,43.05292872641912,14.303928090405226,40.60729384121331,6.1160454696167905,2.7220502451533406
4,1,82.7989522396552,-63.53824127586752,-53.09009688778451,4.696861764410569,1.6741212210646652
5,1,85.4039036277731,-16.363072628691082,83.82169533605328,-1.4937786679692104,1.18097558976998
6,1,84.16961077274452,22.468819066632893,81.11519923778913,1.7865994104694065,1.2649691063154616
7,3,122.29590039614219,-121.63348262225762,-12.711536448599936,9.422567384558945,1.2607745448248886
8,2,39.649171442706766,39.6254488978917,1.3713481446107116,8.400157912853722,2.7513800811334397
9,2,31.69519533242004,31.658454081198435,1.5256776687463351,5.01619510498759,3.43734765314688
10,1,82.14809109566293,15.86487350254228,80.60157975753123,-0.7531054120837481,1.5488273417943519
11,3,121.03843843581555,117.83096452825664,27.679728635256392,10.239422891932273,1.1657171269261928
12,3,121.35789418597686,94.46021785138643,76.19058816365293,7.7292752223487415,1.2898792261289111
13,1,73.61625712089845,-38.99959494759758,62.43704754721794,0.6206666818192774,1.8568703119456473
14,1,74.59471729795868,24.200517035645436,-70.55995198389672,1.7513092205735519,1.7006562354456594
15,1,85.26576426666452,-76.67708124216824,-37.29444688100812,2.6309492846883007,1.3164142598569266
16,1,79.80222423071673,-79.54957803247846,-6.345047440658799,1.7905106709235745,1.6929741061740962
17,2,43.40750348686312,-11.713978177755967,41.797058200465386,1.5888678858018617,2.3283596242839613
18,2,40.14159188065231,36.507319293718474,-16.690207808752472,7.794132393774264,2.606722148809315
19,1,80.14878069747873,-63.94681824757069,48.318024414339405,5.549750082557445,1.6963724756863514
20,2,44.69141902987999,38.165323289341536,23.25362408581432,7.303043982679012,2.3656617636412136
21,1,77.41977635891313,-57.403776252146415,-51.94832281659952,0.7246286591503668,1.4019851638610479
22,1,80.48060388470492,60.7562316883889,52.7807532408698,2.597016932104964,1.3115980547693242
23,1,77.6886235564748,-43.75752921862859,64.19346436188434,2.986957369541084,1.716745629679402
24,2,37.827518862838424,-37.78650574897455,-1.7610129474566438,7.19758877912382,2.893607217880882
25,3,118.4541393826568,83.34955939265785,-84.16789225076083,10.336680977436162,1.1816551747450874
26,1,81.11066885816857,-81.04399922968618,3.2879768061988557,1.5316524024430085,1.3524166265812692
27,2,37.60625689168261,-11.112223935513551,-35.926995930779206,6.163991112827121,3.03815218123139
28,2,46.278780627867604,46.231653700277306,-2.087997255728442,6.914560809230482,2.5408202928066213
29,1,75.52696348890248,51.18437454046061,55.53811319045558,5.911644644293533,1.4803294696655467
30,2,39.06564177919321,-6.046116582385313,38.59493285254492,7.409013079649446,2.7651354334230187
31,1,77.80134470862913,-61.347891030072226,47.84856847005266,4.578113374751037,1.3901699666407128
32,1,87.23488942176867,-76.9222029783379,41.144873573600755,3.167653255858722,1.6346108464947295
33,3,120.98277388255788,-102.56292622960623,64.16913385373437,11.820918290407008,1.149365242973443
34,3,125.15922269734317,104.65689966609949,-68.64229292850818,9.819525591918994,1.266254211459085
35,3,112.57219813481514,-25.224150353981525,-109.70980827539447,7.277824179652859,1.0400115721656193
36,1,81.33525132934629,-63.34682097022227,-51.01571700735506,5.806739940250381,1.6204246597417666
37,1,84.44815397811719,-30.7777332738512,78.63982353003765,4.395806545078055,1.5670878297282573
38,2,40.41141994637712,18.072212876384338,-36.14523459369291,5.113911957743035,2.8203758653907407
39,2,45.32740187532676,43.53242271158876,-12.62939165704061,5.041014065201513,2.6889904981636414
40,1,77.41355774949814,33.48752821023633,-69.79573323494431,3.5931510902815234,1.4885410607600158
41,2,47.0467372009279,47.044462403048655,0.4626429090719682,6.926369590535169,2.190904575274883
42,1,91.49449061809625,-59.899753648531856,-69.16112583171342,3.3945845312624128,1.4288164137201362
43,3,118.18580719780171,112.137987201407,37.32233713760485,9.62261734688577,1.210780186946126
44,1,77.77248739299614,-3.7159210202417956,77.68366447500445,6.399914749152761,1.5733320316920556
45,2,47.2669223855885,43.999440571545655,17.26879211746639,8.143086304469772,2.219053353965002
46,1,87.89786072865357,-69.8586758535038,-53.34603386071795,3.3812711825300488,1.3899120870466357
47,2,37.38569986423366,-14.504160379358423,-34.4575084129484,7.882621161534967,2.830914394551305
48,2,37.89906591452071,28.509046186480536,24.97145335638888,3.934952192944921,2.8523207222952323
49,1,78.59107695569746,-58.57130008132762,52.401910116325254,3.795854099893618,1.5950183688714448
50,3,113.27774744482862,-109.02215438897996,30.757404288395282,12.61861269946622,1.2553932869878917
51,3,115.40674026757901,-78.49939026280182,84.59646226383688,8.563908209215253,0.9826128615222862
52,3,114.97929616623966,83.30765958466473,79.2469078350031,7.30473214276183,1.0723844766320725
53,3,116.16101217447935,-101.42047807527722,56.63274120490509,7.695822222813879,0.9954548268634573
54,2,39.82657556306609,0.2947893463321231,-39.825484558532395,3.8207339253152233,2.6102020326785693
55,3,121.1710736626826,109.31002263417385,52.2852564714342,7.430476183744593,1.216973084523177
56,1,87.75250246407039,76.8502391807401,42.3620399245565,2.258983802819942,1.594194988476838
57,1,75.00822979630604,-45.8878564499681,59.334131556824644,0.18886596164271596,1.5183031347383862
58,1,84.92161199238292,79.29243970491,-30.403769322701542,3.031236667899206,1.5531960070269595
59,1,78.93005577887246,-38.64361844119927,-68.8231389797568,4.804554347573294,1.7154421440014043
60,1,79.75268145173783,-34.558901903445886,-71.87609128194418,1.1844876397061592,1.6769384412039243
61,1,83.37409746083301,-53.915743587700085,63.5950683684974,6.038567847283538,1.290819977837419
62,3,114.3863898921885,-95.14441288245312,-63.49635335844928,10.021584177055189,1.3523758215515203
63,1,81.91204873092025,81.74614686050028,5.210681410158686,5.061161171248115,1.409159839858239
64,1,80.83226104106528,-53.03650882722522,-60.999861937799345,1.6843308922957259,1.4067501437588759
65,2,42.462256320040744,36.31428400486277,-22.007180396475327,7.709050454133232,2.3862483130179903
66,1,81.44584321953909,-61.90748139457388,-52.92342699714589,0.816132199209374,1.4708965721176104
67,3,132.27650069955448,92.76566989407858,-94.29529747777498,10.780495001673017,0.8104989868631688
68,1,76.81130007874341,-12.50520274623067,-75.78651413056569,3.3436786795870623,1.426161688073057
69,3,117.34501522499092,85.2584665364988,80.62782697058171,10.106502439969567,1.0106591929872433
70,3,116.88429736787617,95.6091330153206,-67.23713747060351,6.648810788750296,1.2599600765317065
71,1,77.22261440419872,70.5902735006633,31.310468896538616,1.2098603154467906,1.7327017773839084
72,1,76.81306436346742,-75.07028595433864,-16.269573554337992,4.194456436506769,1.4530950337734438
73,3,125.94508265553776,78.97013929928113,98.11157395619729,7.1033039915515985,1.2233459193444487
74,2,47.102521239949276,46.97515907419993,3.4614934802025394,6.926412584198246,2.5516440745334195
75,2,37.146268531252616,-32.77758990672387,17.47783927442296,3.2657243870795085,3.074385915014705
76,3,115.83822213447885,-32.346284598600114,111.23044358422398,10.696348425333337,0.93662047467986
77,1,82.35707778193202,-82.0386755769958,7.234913292613286,0.5349533704629819,1.5593861469742314
78,1,77.23888477859515,-68.32910277102556,-36.01359515999095,4.104599875359046,1.767196701633316
79,1,83.16465908877755,80.0438114033583,22.56875666438446,4.251261867292001,1.5437040748094035
80,3,121.01461510425649,86.63702868003877,84.49001319875316,7.60645636314085,0.9921548944728439
81,2,32.42127942501384,-30.245252362285754,-11.677502690921283,7.164053134169453,3.3346836670174893
82,1,87.73752600665031,-48.47696670097278,73.1290446350861,3.520884526667112,1.4626256829073607
83,1,88.9793883654776,-11.610359984606651,-88.21865502784735,1.9223162876145234,1.3791409853149579
84,1,76.93605654757806,-44.32100089492631,-62.88724574000733,0.9828906318475839,1.3597571522181735
85,1,78.06149220032007,44.12191749876012,-64.39606323971395,-0.9252513833451581,1.4370733806359655
86,2,41.429326953624525,-14.645971590480956,-38.754156525476645,6.699300094599387,2.814947099637727
87,2,41.67228394993513,-37.69852256710989,17.759522681117513,2.8703944572758897,2.8303855111456873
88,3,123.29272136336415,-57.37263012816175,-109.13054775525181,9.190688398882616,0.8797279039589792
89,2,50.05102269383175,-7.948078195402871,49.41591773607187,5.473103567835501,2.4741545489752372
90,1,79.11526386252976,-27.41275410852898,74.21432400974246,4.358285550876391,1.4283899031657326
91,2,36.00851377730773,8.732380466973652,-34.933631300375545,5.3959090010202715,3.1082778752042395
92,3,113.10340385992737,-106.75429200192052,37.361759913988536,8.341104427305817,1.2600592616478057
93,2,36.34534980029041,10.87898528058263,-34.678986885004825,7.463741408576591,3.157356734466051
94,3,119.83436513563102,52.66733685416268,-107.64026521776086,9.670116058168235,1.3073600164227486
95,2,48.97278931758894,30.63484444910189,-38.20785781909638,6.632311914365556,2.1984100364652424
96,2,37.41194350481914,32.395998686402685,-18.712369863765915,6.938535179617053,3.102196427543326
97,2,41.11893975819449,-37.313193169058295,17.27694482154092,2.9288557535857884,2.4978127726214043
98,1,79.91788551963624,-33.51166274855695,72.5523044827431,4.513577359973964,1.603804810236387
99,1,85.94196636724043,-74.73236467263943,-42.43931259461583,4.224937588027204,1.5345647547091485
100,1,92.63466212936811,-63.90851168509898,67.05880077974668,0.9666337428470055,1.4183711443720741
101,2,37.3456561353984,-30.064430502584926,-22.154639485639596,5.511839052651597,2.803844958759393
102,1,77.5528027874089,-21.36225319968783,-74.55260799204252,2.9213854247447375,1.7259656220241246
103,2,45.22080438534536,-17.06740448762645,-41.876304198358035,5.731006431196534,2.2958007753635945
104,3,123.40945744813156,-87.01817093601905,87.50846881640636,9.66771993313707,0.8371280645519831
105,1,89.23353662868017,44.522763409743185,77.33270716599826,5.862733563662367,1.4793873945522045
106,2,42.91964092662982,-38.89541634237643,18.14503140873649,8.163533455345657,2.5676734731297355
107,3,118.2035395460647,73.85131418766369,92.2933375383785,6.3755616131371875,1.2705473648850245
108,1,82.95327415346155,63.94882260400045,-52.83742783616017,4.244139980612097,1.3971964971691608
109,1,85.54351790291454,-48.471926709245025,70.48521672166328,5.65786663907082,1.2531349405808228
110,1,84.10241090598682,47.50841460076787,69.39860274040824,3.7736170413784054,1.607247652343822
111,1,82.53637015553649,81.48356313978269,13.140827085719563,5.181960850371934,1.4860418993270281
112,3,125.33337344794577,-76.30496261972166,-99.42840227744344,13.02454089140153,0.8924699812510594
113,3,125.84647795222837,-82.08953837119562,-95.38681094881359,11.047419092213962,1.154810979714433
114,2,46.91079495518763,-25.286235354227372,39.51239027113241,6.498617191283458,2.3872623274444464
115,3,123.24354943794822,110.94323546316804,53.670951016616435,11.090176948169507,1.1135579839857066
116,3,119.16440959841573,-100.46468145157746,64.08591339578507,9.289775666193782,1.069625902634722
117,1,80.73356843216662,-30.29335552590105,74.83462890114903,3.047806086569911,1.652996632247706
118,3,126.03254483254179,-55.716271864661344,-113.04821717510544,8.297171528572536,1.208227210520839
119,2,35.91532164506382,-28.27055353958221,-22.151436328915683,9.126826717664215,3.1390214173151536
120,3,121.8433665443645,-80.34289675232952,91.60144601647335,7.363142668115997,0.873426533987387
121,3,118.0333059383632,23.65050307698895,115.63959103587568,12.064735449356231,1.266645427502659
122,1,80.14372411467409,79.91739000723643,-6.018910981253997,3.9997282474807427,1.5832648282358066
123,1,86.39225931303649,-82.80911377101862,24.622614517338224,0.20138765039611695,1.5060231933165216
124,1,80.95549534009952,-30.616118048018734,-74.94294857710534,3.735298585982843,1.4167380156293767
125,2,40.23218274078074,25.537099521152214,31.088343090849072,1.799946984696752,2.9252121032070755
126,3,113.2007192951004,-112.73702870977634,10.235487610230575,10.251016033662072,1.246072413053273
127,3,123.7312678301361,121.88391457249624,21.30112690299066,10.770462965977982,0.8644983799201744
128,1,83.22742090570537,-83.17853744504565,-2.8521043316441,1.8152880886958929,1.4054160970016678
129,2,50.8162736165273,49.52307038905957,-11.391187976239308,6.247095391911165,2.4110637160335417
130,2,38.461108825234994,-28.7229692557978,25.57827064516019,9.908314867500572,2.6236273945872384
131,1,81.0957516383197,78.67363840325886,19.67179590625383,1.9885065914761266,1.7138185280478893
132,1,81.24691841855378,79.71494623317336,15.703155719581106,0.882184825886799,1.5703971962764398
133,1,87.88726639881737,-67.00425701659984,56.87355393071655,5.963326804925197,1.4535092466386867
134,3,119.52352233806523,64.02809338764384,100.92708085167796,12.92517438106159,0.9719350249713101
135,1,81.39510762885169,80.52052567545302,11.89993659063199,3.0073913436956947,1.3529709637212202
136,2,43.0394825485827,1.6798899980633826,-43.006685848181334,8.022926070816712,2.794477117910303
137,2,40.93304561578179,-39.550883703333966,10.547123857669682,8.682951831061763,2.592150141562872
138,1,77.76783192724736,-18.982423759182435,75.41553733078761,1.515031534923232,1.673631366099131
139,3,120.97044996449154,97.90429961941574,-71.05348605552877,8.029388329264263,1.0232090601160264
140,3,125.36815874929886,93.4443302888943,83.57830080259727,11.46174902630947,0.8672777387098662
141,1,74.8674235029447,72.01410152738408,-20.471938920700545,6.370028557417019,1.341052071349968
142,2,40.66484837073438,-15.907324939117677,37.424415911222226,7.125761720348709,2.7312550148871155
143,1,76.49939592530413,58.45175145231982,-49.35129511059123,1.2403712929958914,1.795089273932776
144,1,85.97523314462421,-68.60916374027,-51.812386213465494,6.974122223398883,1.347693759289069
145,1,72.38406547608113,33.551650690749504,-64.13844144326808,1.938058204376071,1.5601156953938928
146,2,37.20539076364206,37.017850078130365,-3.7309352002366922,5.329724437657097,2.8598283573000023
147,2,41.8860593753226,-10.009654081536809,40.672457451708325,6.684675668979243,2.6477010893926
148,1,87.8276201461717,85.22201748268425,-21.234373000427492,6.108320841429548,1.3589264265379886
149,1,79.67124869463507,-61.22210630719911,50.98393440950199,4.707951953104447,1.695115248483631
150,3,117.22400236653401,-88.17990649602513,77.2384025027799,9.829731000723822,1.1058280098417022
151,1,89.40578534720295,-48.08947856817817,75.37105879972009,3.9265770602362124,1.372374770471854
152,1,72.75993049791877,-70.31125548979809,-18.717233703469883,3.087029337286932,1.4435686385156914
153,2,29.00597021689959,16.4324100682385,23.90234732349357,7.116279029037012,3.9389358836458337
154,3,122.20007225026666,-115.30704948221553,-40.461611407311615,3.940879844611394,0.9433165671646152
155,1,77.48972887823695,-74.84452133214297,-20.073756703344387,2.406785081860403,1.327175644271844
156,2,34.89383591434643,2.6069748134999546,-34.79631398782219,6.482643869833562,3.1974088051926164
157,3,123.54178223649677,61.983619156420936,-106.86722095405007,6.697971832760986,1.1071259354555467
158,1,81.219003568856,-75.5981409484711,29.689183650833858,3.77264663562312,1.4388117686957969
159,2,37.17960684631636,-12.0062618356271,35.187680258593616,5.591057558027757,2.900742632390453
160,1,73.59847800664552,-4.3142887753397945,73.47191897083988,6.51095139663098,1.751255710095463
161,2,44.36228664140072,15.125798401788737,41.70398900299882,9.146039450429713,2.352023261631142
162,2,43.251005889793305,40.44470140932857,15.325652951479455,5.068388861763674,2.7222116143242987
163,2,39.50412068110309,-21.677870336511756,33.024922232467716,5.698324576866609,2.855755050216268
164,1,89.23318498023833,-11.321648167777292,88.5120420309152,2.852104868783215,1.330144202391569
165,3,114.64957616836924,112.10673497618562,-24.0126068673515,8.096681047680754,1.1012373320660866
166,1,72.37237414537631,-67.66668137994978,-25.670620765043683,3.3900499680562532,1.5100663083318389
167,1,76.54045965059377,-43.923396279269824,62.683149432829225,1.4834358622248196,1.6825557222298961
168,1,79.77206991822251,-69.79158652077875,-38.635703564843176,0.7387693301249474,1.5100089545716666
169,2,41.21669724661346,26.43246767058103,31.625002525892103,7.245422447800538,2.586628463616652
170,2,38.79381971071835,-36.42074586218889,13.360004438231705,7.259059168443621,2.8757552413398515
171,1,81.76027698257148,-57.363143223873635,-58.25987205396326,1.3913684806800153,1.7209550590245224
172,2,33.74230287904778,-33.66024052867024,2.3518527023308975,7.790710861525199,3.181269998695104
173,1,87.2188230203663,-71.13006658228261,50.474119279666695,1.7368445416693372,1.6068871983942667
174,2,39.58924410803716,39.55967551732056,-1.5298111027388444,6.506330476075963,2.6984470240716414
175,1,85.58647915794064,62.50560611169291,-58.46447313764578,4.640688025224912,1.195775207102339
176,2,41.71362673188852,-29.789925779568883,-29.199092060800478,5.932774870592574,2.4994191985299343
177,1,82.28376609576893,-74.5890687183229,-34.743186247615725,3.9094818242822686,1.4246541229416652
178,3,122.84883640116102,-89.2031868575107,-84.46672752973952,7.9671407122248565,0.9238259883459088
179,1,82.23854280008658,24.76744194830516,78.4203528506408,2.6070668331438056,1.2160883722031288
180,1,83.21361379933772,-65.79577011348424,50.945285912622616,2.5882811382393194,1.6592272104286414
181,1,86.64576265066216,83.99631627847292,21.26280877404557,1.5068433069195222,1.576064234511117
182,3,120.98260584850735,-119.55733766113437,18.515775146528007,8.646451673768436,1.197711218211332
183,3,123.54501878794257,-119.0581651093862,-32.99280206498408,5.902763402272507,0.893328842949361
184,1,79.55132152856386,11.085283755582935,78.77518163101344,2.0176925057157904,1.3172319298062065
185,2,47.200586077247365,46.00015747023921,-10.57737390607109,5.430249013260658,2.1524201358873425
186,3,116.61803848970365,98.24915933664164,-62.82411631554563,8.48764049500924,1.2195148687443518
187,2,49.004702164554075,-8.533527166076523,-48.25598147735144,5.517005108258442,2.505024483743955
188,2,39.79921024677828,-38.926728916261695,-8.287756762063944,5.876471600279742,2.727880582415127
189,1,72.84612448940976,49.856312782182655,-53.11220131845181,3.9588830361721277,1.4323269610198235
190,1,80.64052207455394,54.96082760578482,59.01017903161981,4.749034148265045,1.4962677470514456
191,3,116.59474171262559,29.357518933898675,-112.83824651721443,7.700469546303466,1.0320875650827057
192,3,124.20321774494361,87.9237603309085,87.72600337112617,6.5935982892217115,0.9925445820638257
193,2,36.73688010348805,10.074173389084836,-35.32859168244201,3.915911175513794,3.0327255338032506
194,1,77.7690828339261,-12.536066983873974,76.7520505876285,2.0255941576101457,1.645217091160677
195,1,70.55229634527234,50.53898882821431,-49.228417888580964,2.296157364366982,1.4726901082538446
196,2,37.73846840375462,35.42981673567558,-12.996925926449999,4.460007867605086,2.6676111845167094
197,3,107.88060336685521,64.06907202846963,86.79503783170732,6.407766671500211,1.4241158438593176
198,3,112.08048588257138,-109.01249581974254,26.044405749102808,8.087758345051624,1.008580149545283
199,3,123.80207328072149,122.91975526789045,-14.754223581302101,9.362853240227942,0.8346561778527122
200,2,43.92900079325416,-43.69048635432252,4.571489124615956,7.190058931671129,2.3713381788832697
201,1,82.12728780892482,53.747281100177084,-62.09767449098653,1.8851538937833576,1.237101015269339
202,1,75.16511928435393,-63.782989058872566,-39.76839780211038,2.174004355713132,1.5263097751683512
203,3,119.7614432192901,-84.85948597329082,84.50840740610431,7.146603382305378,1.2361941697940884
204,2,39.98198730454716,-8.913793582469888,38.97567950389177,5.937121659250447,2.6717485255374314
205,1,74.20817655403728,21.497725567296417,71.02606044902377,1.3031427316183708,1.5696521023553527
206,1,87.51699150883576,6.48171378103119,-87.27663598706368,4.1462556264824,1.4804286428174458
207,2,44.386811452878355,-33.577595785410175,29.029882745629163,2.4282670161317776,2.5073684936119176
208,1,78.89517913085169,-78.69726934974909,-5.584719060276588,2.2807406550950753,1.6982274117517369
209,1,80.13442919497265,-80.04128255803252,3.8626194310707094,3.602214678383484,1.6809209049633793
210,2,41.04191403973776,-36.298061913068786,-19.15435745203291,6.367669032645009,2.441488885220891
211,2,29.791325657878545,19.78226392669631,-22.275213094116573,11.386067327960994,3.745704931971182
212,2,38.764113087397014,38.48060094689014,-4.67972373316013,6.699600049135815,2.810072410166433
213,1,76.59007876001101,-64.03679108981811,42.01582501134163,0.9918908063159795,1.8000724075734051
214,2,34.99189995052542,16.377429793041692,-30.922691595680533,5.809071505821854,3.0994202766726433
215,1,78.59449853557022,7.164212130901364,-78.26729370944926,-0.5524926669329036,1.7658016598258517
216,1,88.98843263424762,-79.65929297009461,-39.66532725447581,2.838800501406478,1.5010262393626586
217,2,43.20421430633505,41.567141000462584,-11.780361746372153,4.333887885998482,2.4388914611222776
218,2,37.144105051086015,11.372785041572147,35.360207867662574,7.8307805511203235,2.9614147301037175
219,3,122.86291390678079,95.02855111852702,77.87727579967422,7.90091945080893,1.309983075533017
220,2,46.99677718293001,28.561846814429973,-37.321816302680226,5.7664681684095065,2.5565707831912885
221,2,44.62316841456384,-41.40123106621745,16.648279957887524,4.728884317191193,2.2896717844104924
222,1,80.29815184960087,45.952356194587864,-65.84963288149208,6.477702703706663,1.598544673500047
223,1,76.76531611147213,60.08756495729475,-47.774452327547685,2.357514467764177,1.4754614298865059
224,1,83.49111656806795,77.1442441697263,31.93011332996422,6.665114086958404,1.2012233461809756
225,1,81.96742692710875,60.95894081327354,-54.796593069046956,4.628303524236533,1.4217373021387145
226,3,124.47596610013866,-117.97082622167633,39.71335162307401,9.964133454670772,0.9207451471237862
227,1,83.17585900840984,-82.99723188741217,-5.448212625623773,3.7374662946350394,1.6117065587745945
228,3,125.24776357659667,-87.67295369045829,-89.44526523036203,9.787594596432504,0.9670827543188554
229,2,37.32382394219716,33.40171516763673,-16.655127064306548,2.14465484130878,3.0930157239341165
230,3,126.58697032817163,125.67497017875009,15.167825402333762,8.442233211698486,0.7902696886845861
231,2,40.987998023462,-40.55491895436665,5.942603013501543,7.690315942368644,2.5936481527000903
232,2,50.37630436312632,-19.213226515809236,-46.56848685687076,5.902205633051789,2.1056428703913816
233,2,36.55406090955216,-6.237876101344896,-36.01788820466186,3.18962030639285,2.85245784399964
234,1,88.67981901582624,-31.32918050194277,-82.9613931281074,2.895191098845061,1.1617455887191768
235,2,40.98955391731324,27.215833242056995,30.650317311259187,9.408211032510982,2.533208104559453
236,1,76.74290998192775,-23.437515990932933,73.07637837679853,5.4937834310694384,1.58082675448044
237,1,77.58057082972839,-48.96767711069273,60.17401074092902,2.8759919812679366,1.4346630604000006
238,2,38.3982634590284,12.87911293890018,-36.173955915492705,7.902898554116173,2.8129818298788845
239,1,82.12082973200958,-14.758900802764444,80.78369589816913,2.2669859592638963,1.4061512874766076
240,3,122.6141774401775,29.96656180602312,118.89592794901401,5.592256826346562,1.2535188357179972
241,3,117.13149998030711,112.96995652690283,-30.944744464066435,7.1510680237408915,1.3063908074951036
242,3,119.87822703869509,119.69238359346447,6.672527831030984,12.125777537016395,1.080658323737289
243,1,90.71135179305932,90.70284909843583,-1.2419780797360347,2.4520138363413917,1.267475834117406
244,1,88.63771585050355,-39.33429039370867,-79.43209848932614,2.513232041249964,1.1815882688543202
245,3,122.18161834837016,57.82898639538342,-107.62971799047578,8.40032360745024,1.2951551592585453
246,2,40.190017390841,-11.120331085729271,38.620923531420964,9.808273179146013,2.5182935353627176
247,3,120.60015663359131,120.11264570973371,10.832826069624915,12.251917830724127,0.9780114582001347
248,3,123.06758986365209,-9.37089424404978,-122.7103011809315,13.437560466896269,0.9615947190484097
249,3,114.88603717400797,57.949424038223874,-99.2001299958103,8.681909579199898,1.030628437951209
250,1,78.71311731288327,-4.707400276972786,-78.57222931636903,3.5912489774941903,1.352579702319915
251,1,71.65707963061206,44.67987154762302,56.02183627547195,-0.03328509884158226,1.7871162370808427
252,3,121.99611561302639,2.627382219473649,-121.96781988434365,11.95386885223655,0.8809471606971404
253,1,83.2359796985137,9.873071102835468,-82.64835620488614,0.66444089746413,1.5188568615852955
254,1,77.58406768850313,-42.17057341822694,-65.12242545139244,3.4335511275252584,1.3508474404852413
255,2,47.869933816450164,4.839001076788193,-47.624727108616185,3.805394944734312,2.1242617243120883
256,3,113.8711716849883,64.54928303971525,-93.80849535074535,7.822266346522608,1.3329001478502673
257,2,32.6781255989509,-24.70081518785601,-21.394616652704766,4.325475137900599,3.1552154220307624
258,2,41.12225909279986,34.91250712102882,21.729174844422253,4.7842494786483645,2.842398092821917
259,1,85.23549151306077,-84.97808194766425,6.619259926087874,1.9217545937020428,1.4455356308600835
260,2,48.419638457289345,42.77033445866562,22.697133709534633,4.903462410149846,2.1042059691414625
261,3,117.7055786856553,-98.39665780324754,64.59644716914077,10.666667823560614,1.3273014999222803
262,1,85.39340416715648,-71.25629965437071,47.0592523827341,0.7902744138749598,1.2945312164494154
263,2,39.80745765249647,36.43243211780819,16.040934347368847,6.441082854027734,2.941914775441591
264,3,119.1368635002959,-69.31069395373838,96.9000513330068,11.435918304611118,0.9237757657439634
265,2,44.41829968743336,34.04665686501544,28.52736411655552,4.973607270973208,2.678295798457159
266,2,43.261614392067095,15.478672684068137,-40.39774711227582,4.564162218504796,2.318132397753893
267,2,32.11803921507875,30.39867627202491,-10.367686527377563,5.538950749639499,3.3694053258393906
268,1,87.38270174862947,78.5163531085364,38.35256001136765,5.359450416721421,1.5291125479218857
269,1,86.90045677073726,83.46748785785711,-24.184041383963347,3.3882152619067156,1.6181396963155144
270,3,116.87218649245236,-115.69829057988007,-16.52312114644806,7.937571410784803,1.3102366389022722
271,3,121.97901766718705,-37.37686965679349,116.11137052722701,9.96775330237608,1.2296255625762158
272,3,122.4701509314137,108.46373967638256,56.87314871340575,6.795415700327153,1.2606211648335384
273,3,121.30336882911953,-121.3024356945228,-0.4757981395207354,10.362719020885896,0.9239892559987334
274,2,37.2484742307729,10.283065495896833,-35.800941279911186,6.817214615403535,2.8267658711458457
275,2,36.641883160309746,-9.760602841571362,-35.317959081788686,5.384383057722232,2.8736016378556717
276,3,119.87222964504278,113.95254709929573,37.2044143840037,7.322828403105538,1.022748538721878
277,2,45.86364509629682,41.13574324743067,20.281138257024285,4.226638155433085,2.377036530543764
278,2,42.71800077297216,-35.007234413524536,24.481036104629922,7.06963467269182,2.6132111842741415
279,3,118.14692833956947,-33.168969794799914,113.39539725591605,11.457961004978124,0.9263436046186755
280,3,123.85849355324173,13.68100200332979,123.10059548785013,7.725384505942411,1.1529963035093018
281,1,65.75728689684962,-12.729111538064947,64.51349083320552,3.9167734071029683,1.604527277185066
282,1,85.74382850186052,28.27428934106144,-80.94793813565857,-1.1740540372041375,1.3214189361006192
283,1,71.3014311061095,64.36745732569752,-30.67123269781945,1.8307645386856009,1.6541689591157316
284,2,38.18779529298434,-31.59822717211153,21.444340720071327,5.937882134258196,3.0168579693944593
285,1,74.40165052686928,61.82658773556943,-41.38935430878721,1.1806331660363327,1.7137908209086243
286,2,33.52659262139547,-14.559382809029076,30.20027789642271,4.126987250420808,3.3054741036977004
287,2,45.8041339368926,-45.303059017078134,6.756591552249675,4.664440887062227,2.261095686000573
288,1,77.66149399344054,11.652754249883177,76.78229592611197,3.5843854566527464,1.5611620788749219
289,2,41.73251940865358,-26.505011228107872,-32.23488104509653,5.6253419631872505,2.4399361183949297
290,1,79.76539710560408,79.07080107076251,-10.503665714531007,-1.4764624666499442,1.4423580399504519
291,1,82.3852041361156,-65.57224661149094,-49.87586926431714,-1.2414003052701323,1.420568451677764
292,3,120.38410945530127,-75.45454199370177,93.80269666628276,7.78626964428565,0.8505801372391696
293,1,73.58503887905715,-44.064487574645796,-58.9328336465865,3.9153731721071043,1.4959659484161558
294,1,84.9813340972357,60.87080000272481,59.30069857914216,-2.4950096854504693,1.6545537302100686
295,2,37.531217084193436,28.71571609181233,-24.166089984837917,5.000539647696739,3.141264935454582
296,3,112.21709050670124,-112.1960241209288,-2.1742983339783217,7.947504286965158,1.067293385764231
297,1,77.85942419517043,-73.94979370433686,24.362223771435815,5.776675556416896,1.3059160902327842
298,2,47.503798953171554,-40.756520554988654,-24.40321591991781,5.229956376574273,2.1946422663682097
299,1,84.25110871056746,-59.65537933989461,-59.493571373494895,3.765977969481857,1.3830368971960942
300,1,78.2567393279607,70.43263855839533,34.10807347164063,3.2825142801749263,1.7517350653680497
301,2,38.25371147840786,-15.716268738604185,-34.87614283158684,1.7388670403855988,2.6847249626158596
302,2,38.391824743913084,1.945430340174472,38.342502630356115,7.536414433263475,2.986479126596709
303,2,50.383739917804206,-11.314212362066769,-49.09694335425569,6.430793010912576,2.039108580790879
304,2,41.90967726115777,18.445936158449367,-37.63201412856897,7.016537279349179,2.876712541544788
305,3,122.15020823595535,40.623945623662706,-115.19708509356019,16.852475412872653,1.0094724290443953
306,2,45.151417270159214,-42.71700591016831,-14.62559016158586,1.831774121002823,2.6023871713921296
307,1,81.19394579513256,-80.54279854590882,-10.262282210895995,6.449393299522217,1.4029144634902078
308,3,118.70478927089648,74.0002515074111,92.81589181108934,8.425104961199288,1.1562604317867193
309,1,79.0182507545751,12.530891483705762,-78.01833573549554,3.574657808806019,1.3615384615461235
310,2,39.64199370292968,-5.316537448963541,39.28386557222806,5.908975509397516,2.595587975085333
311,1,79.81388881745079,-79.79668501647643,1.657078316085435,2.151527333203913,1.7219468378981544
312,1,83.6381477181849,-17.87262098555197,81.7062370497854,1.8603341435224825,1.654450308458883
313,3,120.2597294290365,80.19110249350429,89.62025219347107,9.659017471146019,1.2752680223169386
314,3,123.66320038607789,-84.90348262194787,-89.91098802922727,5.965652606656642,1.1213647277857892
315,2,39.596417099457085,37.31147195808997,13.256330843594826,7.501158335043531,2.929615129530658
316,2,40.39317595158045,-0.34383245906949506,-40.3917125496732,5.167611190229492,2.510184163073774
317,1,70.00899657733946,-28.84449991852617,63.790707992748224,0.7398613219192844,1.5957823694917654
318,1,84.5816383735124,84.5816080837484,0.07158152562249614,2.099974284008373,1.3391412640559106
319,1,81.73244237948997,-81.53269991766736,-5.710602547214421,5.514298433725146,1.5413270258121494
320,2,44.99005054929826,43.05468846211412,13.053675722137031,4.929329825967554,2.4006925485131414
321,2,25.518723109031555,-4.1771151688672035,25.174529548363772,6.716907236419241,3.9929447600074766
322,2,50.44187352390364,-13.470217875055312,-48.61003841800612,4.538087448569053,2.280713430183635
323,1,79.30205185922414,73.22933365543028,30.43485044262153,4.515843699847239,1.6681933802917261
324,3,125.54091408368758,66.82703965722864,-106.27637498343185,10.371015477580409,0.9876148130563067
325,2,34.800470364372345,34.79044723937753,0.8351757094445776,9.697217666592824,2.9396587367592684
326,2,43.063869525312846,0.8593349427579801,43.0552947028507,5.648872109001569,2.4204763432105203
327,2,34.732922184131716,-1.9839581844121297,-34.67621365390767,7.337309609515813,2.997854428350118
328,2,36.88115519652097,-14.91692937301732,33.72988032457689,6.196135079077889,2.8613606128341136
329,1,89.57015676933393,71.83267468914046,53.50588594432556,5.591743563726029,1.4378408195663168
330,1,79.04658799618326,-50.47565460195704,60.832321724082476,1.5623352247825393,1.565549484162241
331,3,121.08716436589862,-15.473057227179106,120.09448727655483,10.490010625754563,1.1738912959853847
332,1,84.35033865344377,46.404085544520996,-70.43891307883327,2.6106054077666365,1.3667826877679334
333,1,82.47840943986303,-31.968636469705576,76.03087731966203,2.8716236457830044,1.6244373377775918
334,1,80.75209452571788,19.557155296503453,-78.34805962497681,3.1835049688967456,1.3404018024339792
335,1,81.82480501233113,63.656245473144075,-51.4118773005697,3.5044807928533546,1.4566436649166894
336,3,132.01707792619138,-120.76636624838329,53.32910694293909,8.767541913756084,1.1579471172160472
337,2,39.711906014832074,33.52226752886898,-21.290680098432567,6.429426366341053,2.6082158233496338
338,2,41.005495233574834,-29.414482586121043,28.56989418148955,9.156236115124369,2.4936290882715273
339,1,85.25327198003806,83.09101488826711,-19.078879111208725,4.970899371230437,1.6148174917331801
340,2,45.52762966478992,38.54876587040641,24.22308223085676,7.738309184993793,2.367933233892058
341,2,45.9351515278019,-17.706728294126805,-42.3852559152365,5.088920947952259,2.518917105051584
342,1,83.19365111014592,-83.1308193245336,3.2327176598697913,1.2215183435433514,1.2146891033287934
343,2,34.28497543634758,-26.091306836527767,22.24192546145941,7.9106011164755055,3.2617529657310533
344,1,88.16715766150548,-59.250733930312535,-65.29010812388103,4.752093585059589,1.2922598403762553
345,2,34.26827303490656,-9.796607832935837,-32.83810304756601,8.945341351501964,2.9460215661329396
346,2,41.51317732619517,41.4975777564263,1.1379508185670364,4.792038748061541,2.7137800551314086
347,1,76.22862074990321,37.99544362583996,66.08440727666544,2.5409026892793056,1.4322451372101508
348,1,79.67930826703504,-18.33483480642607,-77.54112456325524,-0.2789683250508683,1.4484345967575911
349,2,41.6438120515174,-20.885605587708557,-36.02774710437475,5.215057787878254,2.4416075544458757
350,2,41.606786077251364,40.663616849714494,-8.808797442203634,7.993141021158895,2.477035711482635
351,3,122.10960377117642,8.461817003997377,-121.81606210243608,8.067009241543603,0.967925023334758
352,2,48.06855634529323,45.78749181099896,-14.631872839057,7.280959590401648,2.125241791562639
353,1,82.2676715075699,-24.17000222669581,-78.63701906633382,2.6189937880043774,1.6709574423677638
354,1,78.77921682354676,-23.425377952832154,75.21580067444843,3.6481140564431214,1.272393845797985
355,2,44.820435841441785,35.352012001110246,27.55189134143347,3.7046172203686654,2.4730552228461176
356,1,85.9473524446232,17.071331864188902,-84.23489194284639,3.170418899267802,1.2251267010098392
357,2,33.861960924315035,-20.896965399331346,-26.644872578771828,0.017728058198553498,3.1070057899989663
358,3,122.98700034924929,117.39314881746246,36.66948139294253,8.62620768367603,1.2761238444527632
359,2,43.50586371155449,-27.74230915801087,33.51304909836913,2.7390535125697197,2.379388012731874
360,1,78.51218248320004,75.63763225173105,-21.050211058970334,5.411989033093632,1.7566038454791388
361,2,46.878534066558096,-46.87838516205278,-0.11815594643302425,7.554814705529022,2.236069694657555
362,2,39.249722064837364,-35.795542062469956,16.100305916998135,6.933341963932162,2.918571796146239
363,2,40.62788226735771,-39.201339725217466,10.671447009584341,9.04201245431876,2.73470246485162
364,3,119.13464087858065,30.436900205970858,115.18097830423282,7.102166958350326,1.2816257862740872
365,1,80.07789523790734,-54.3411089331332,58.817626487734216,6.494726395831116,1.525780698597897
366,3,114.518624565524,-78.29538748398453,83.57240974814687,10.86438312852077,1.1405000169956667
367,3,112.79974558702853,106.75142706125968,36.4405738824585,8.526889425562107,0.9842558223821
368,1,87.97252531612486,9.690759345561377,-87.43714538914593,5.271240294365889,1.2198332149164393
369,1,75.76519325840836,-65.57593233611428,37.949461231133846,0.7874129751767316,1.7781118615677758
370,1,75.04303825271846,32.87876026207002,-67.45698417382957,1.350971676944653,1.4964877470753868
371,1,69.23304943198143,40.81653858500279,-55.92159968733157,1.7828205535205992,1.6304379989242668
372,1,76.8051912615525,18.16713838670877,74.62568249310577,1.9420445838719695,1.6819071547574884
373,2,33.384551032962506,-18.35456002932497,-27.8861681448417,3.8868847144794945,3.1648092201609987
374,1,88.21007580068185,-86.87569478820762,15.284996821335346,5.4461661341906495,1.6096885645279875
375,1,85.04908544671318,62.05542094776946,-58.15902050686079,2.4822911992603367,1.544755481490225
376,3,116.55924827411138,24.89695637438378,113.86922288976055,9.70500993671376,1.1566474020887179
377,1,91.26217902672154,-39.98844888310056,-82.03480527574273,1.8592972671726389,1.5361917435880474
378,3,124.90882743495797,-97.35880684409236,-78.25265427492428,5.358793398902966,0.8253868844984136
379,1,78.37584308245688,-22.008691544288485,75.22227246895874,3.540114716782844,1.404434686551089
380,1,67.50297142563214,44.128942934581026,51.08118583946735,-0.8245099508395537,1.7139344349879329
381,2,51.45471286295371,-29.81383656283169,-41.937127050070735,5.862731907829063,2.0569458441868416
382,2,33.05213766618202,-2.3659714589317082,-32.96734722964177,3.263369922334379,3.3974755117138637
383,3,111.77300626521554,-44.79440987626428,102.40442262617934,12.974551998461616,1.3542744135183016
384,2,45.1128521600482,-27.687461900449705,-35.61704484548811,7.822725444349444,2.428548277028906
385,3,132.19876203169636,-104.52412398482227,80.93960827628575,9.21150758254296,0.9275030356437112
386,1,86.9213640925526,-19.915798028760076,-84.60900971284163,5.527413355309337,1.6312405140101047
387,1,82.8195456002618,25.980696269191363,78.638925188496,1.3073680450685283,1.4298706581239637
388,3,122.97377170832642,94.85872546557403,-78.2583588584532,10.086958757340186,1.0577057316261795
389,3,124.26707779390154,-28.94093237013532,120.85002712859782,9.399620867437427,0.9805433038616391
390,3,123.79464294893383,-83.47973891902225,91.41250906121051,9.52804016266734,1.2625636336712658
391,2,41.40595711984688,38.678251453027045,14.779923868106009,8.544707000213535,2.699589164148475
392,1,80.52100551975938,61.55203316513652,51.91319238065653,4.464984205559604,1.6229992562458413
393,3,119.6870343605024,-119.09311442622393,-11.9086645042345,9.577447325650047,1.241415748084636
394,1,76.23017705566662,-8.409185691868839,75.76493575485925,-0.3097748724565923,1.4827409677048515
395,3,118.59662461566613,60.678332543300314,-101.89847560191411,7.0799074094410726,1.0600414835766412
396,3,111.53521592902307,111.06023387799868,10.282453175095585,8.754582132808551,1.3208137004709735
397,2,39.50830186602625,-28.64589797879724,27.208793529397685,6.186744748553302,2.7127412716361445
398,3,115.05704446424541,-60.02190815212393,98.16055227343286,6.739592550652152,1.2661016598676589
399,3,114.48205341392115,113.63893105747927,13.868449876657719,13.823353351156843,1.3439955178932723
400,1,80.8994707557674,57.4311276966987,56.97710013723717,6.032788110507146,1.5477072161986525
401,3,126.96001143172299,-108.72468243619494,65.55751621203927,10.204236640784966,1.1584632262386112
402,2,44.59158303001156,-44.54677576593505,1.99851094115512,6.144073722567489,2.645124344187924
403,3,112.14749698188412,-92.47278485369368,63.4495479944829,8.575582060197696,1.3142026768632407
404,1,75.05185931714831,-73.63835000739067,-14.497413395156007,1.0961630799555289,1.529938695890019
405,3,124.70385593994108,-103.08211010384976,-70.17927231617162,9.154961037037726,0.8275315525426417
406,1,75.08756303230845,74.941643008162,4.678917114899353,3.5155050802855015,1.5327166081328165
407,1,78.87683425001488,-76.87815766797605,17.643805000116448,0.5164788490367513,1.6046774751329909
408,3,122.75026049512276,119.5362183919144,-27.90553608481729,9.668352834489795,1.0398374151670922
409,1,75.15827772568183,-74.62152952047052,-8.9662725095922,2.6894819023505026,1.705007008237312
410,1,80.5268775307298,-35.407721304305596,-72.32476254289246,-0.815615115754782,1.4203126173068963
411,3,113.32987252540897,-42.95062094556495,104.8756605081267,7.279229978440997,1.199751956557619
412,3,116.99316178024394,17.569100717848055,-115.66644545115251,8.172788933156712,0.9479607141696145
413,2,41.598909670712686,5.970382162357611,-41.16823803161262,9.775375314680382,2.7785938782398127
414,2,32.03503133234165,-31.74867628760813,-4.273732145184193,7.113106249067516,3.3944306968617637
415,2,42.202373689801995,41.72400086818451,-6.336252567995541,3.3290368618002173,2.471567157757227
416,1,79.9018110053666,56.303451998815156,56.69409753188104,3.9720725788352738,1.39749167512722
417,1,82.76244977208574,82.29366618375697,8.7963400521688,-0.09460797787673103,1.58258178294828
418,2,41.119570670323306,5.194199770615643,-40.79018731085516,8.165382107774146,2.6732326241678717
419,3,126.82070214986922,44.571061560628124,-118.73041297470729,8.057750696364243,0.8965305155319687
420,3,120.62612251323954,87.8250678918303,82.68868654401564,8.812727622521658,1.3126434246378804
421,3,117.85297229437373,-11.520536912878491,117.28853442624913,11.65159329508438,1.2060773844439754
422,1,80.61148751516141,80.12175645404228,8.87220728602285,0.4256728628315001,1.7190854005235938
423,2,42.716490145181936,-11.480919735655792,41.1447081937259,3.2057636297740175,2.554568829500482
424,1,80.24430035162852,11.626825637520751,-79.3975104428159,1.8328013473079903,1.4837445986330096
425,2,40.20295845601941,-39.947238278601915,-4.527253309571347,8.076757702038634,2.9363567423767787
426,2,36.490041560966226,-21.09353985601134,29.77558915393453,2.961307849046315,3.0029983917797
427,3,116.68549541224526,-80.80149292539981,84.1820858652699,3.3356888037788623,1.2106440017766649
428,1,72.98697364100153,72.9843338492231,0.6207526539597421,2.0976822831820026,1.4961939389143906
429,1,88.74788371593469,-27.318797040998085,84.43855868197787,4.103481599821841,1.3501506664897724
430,1,73.78068382304357,-44.68447509164529,-58.71019495096277,5.400523499477659,1.4170932328228245
431,3,116.53547401102047,115.00698377099677,-18.81250612945851,8.073677275829201,0.9610978245840629
432,2,36.40796367215401,20.852495864315966,-29.844819231846117,5.177146785767995,2.7471235363512574
433,1,84.47462188472221,83.54800740028637,12.477668131845881,5.307801468511494,1.2034200086077915
434,1,78.52525160853986,63.108236488427586,-46.72863819442194,-0.7394833993908412,1.762117614646571
435,2,46.23871036336867,9.575223739722334,-45.23641703762307,5.222958449633982,2.283866922921828
436,1,76.63254687878066,14.53736147262022,-75.24102845218752,3.3808477798501153,1.6365839271793612
437,3,121.39497081111901,-117.19163205403201,31.667969855120376,9.898437442570069,1.2433072038588477
438,2,35.823264733701215,-28.71545860531596,21.41795352659135,4.980386613618235,3.066812266316173
439,1,90.72574563886694,-29.61175666480979,85.75724336143553,3.0688820234116827,1.1787952110749924
440,1,74.06200790485244,67.8416854276719,29.71004431553805,-1.976654706825979,1.7142781604291835
441,3,121.54910355113513,16.570231869784262,120.414334652757,7.683503175332303,1.1228384777353628
442,1,83.16888440466049,1.7746885237674368,83.14994776762873,3.907017425108935,1.567998041594847
443,1,82.0689954872575,-81.65860945978466,8.197043453700752,1.035411931490641,1.603360261418404
444,3,119.07356170561145,-1.9119138013038488,-119.05821132066633,9.117968443179194,1.327522172329141
445,3,119.35089650133287,-117.73857419266831,19.55158926403204,9.893745001605396,1.1246471519735708
446,3,120.21905735989554,112.36596820300622,42.73769930989325,8.31490159828447,1.0026354299275613
447,3,119.26498999185756,115.09504448875875,-31.2612951089447,9.340927541993143,1.162701304497303
448,1,84.81939558397455,79.38597558509363,-29.869662663540083,1.0745348694307755,1.2131959805557853
449,1,91.05261500795676,19.968324654277435,-88.83605523822277,2.5867774406079067,1.5469647549918832
450,3,117.21254107496082,117.0385829306943,-6.383564116100828,10.220432339178444,0.9128415344147947
451,2,33.15098510210461,-31.864595953398684,-9.145235807053322,6.3139459219368685,3.180423030946331
452,2,39.55858975824373,38.48109878236905,-9.169899681162295,4.826937460872129,2.935768669697935
453,3,132.89854668827158,118.1832498071428,60.78439912409421,9.448432808581586,1.0511098652357285
454,1,75.98162716015135,-50.49087260884539,56.77921670031734,4.429219581273236,1.5129254000715116
455,2,48.195584027220335,7.425394079607295,47.62014114308555,1.900117442845044,2.311596721984388
456,1,88.3885040703822,29.504819393436602,83.3186250748334,5.318148129911796,1.5586425443006935
457,2,37.23205879146003,23.587573922943054,28.807161579725843,5.327490522637856,2.855859576316447
458,1,82.84491539592638,-59.52438639988557,-57.62054694876921,3.8509798664804604,1.6418995255304185
459,1,88.14198311564269,17.234676077939667,-86.44058727268536,5.394493847290455,1.1786003456177137
460,1,78.10436129506256,-68.84174280050648,-36.893166054143144,0.2566526055390681,1.6687374524990926
461,2,38.98209819948819,23.51074469611937,31.094193410803168,4.581117995144907,2.9890538968415914
462,2,37.09159543025678,13.897491524892825,-34.38962315695503,5.422902608248591,2.786937369812811
463,2,34.92621634653567,-22.939552046013922,-26.336619756780365,4.432492957751143,3.078352002978155
464,3,116.75361227466996,-89.0965248227284,75.45339782738021,12.469873151673617,0.9392544361139583
465,1,73.88029866618872,-33.900168250281716,-65.64356117402406,1.2864558123464145,1.7068428839762935
466,1,80.17041734129613,-4.98617132403757,80.01521050528419,1.8889064410262668,1.5150167732949156
467,3,116.15013384470679,-65.40202849042709,95.98660459397793,9.408778063205954,1.1786163420220452
468,1,81.16892955895374,70.50231272031174,-40.22212111306121,0.5957009478478223,1.3302419900910218
469,3,112.22052176898187,-28.25252037809869,108.60589578097338,8.208638576487472,0.996975542417207
470,1,81.65440116107229,-80.20694915690773,15.306421394778818,3.6349065225003505,1.245422392254714
471,3,124.16764480804463,95.74296436644377,-79.06256251540681,8.334279191234977,0.9663965507495764
472,1,70.03132178714273,-18.385414191007197,-67.57486645402597,2.8132262822001035,1.707804824986248
473,3,121.87028284923787,112.68022883969932,46.42770584883807,7.9413357751032585,1.2495120365472903
474,2,46.13834496236646,27.74803355425553,36.86181641940934,2.971059381638466,2.5008583297033242
475,3,113.95179490654397,113.81351107581185,5.612152797199559,9.643186422678477,1.0952622236088054
476,1,88.36286193418852,-60.114458744724956,-64.76300810670566,6.509866143294483,1.6082572183243158
477,2,42.095095046830224,-39.840387388547896,13.591929948763868,6.0368032615668765,2.7351962838430035
478,3,116.47494072120796,77.42353474632576,87.01728611829604,9.4505282344951,1.323636376009774
479,2,39.72115461171147,38.341781356505294,-10.37679748754068,7.385445510233719,2.7813441680831192
480,2,42.791634562608614,-42.050724363716974,-7.928465742282016,3.4613390069066017,2.4663574933649097
481,2,40.38002695706206,2.0559051749086854,40.32765590714197,9.405029316259212,2.502885191661675
482,2,42.693779962231844,-42.693472953462724,-0.16190934320219294,6.404657592845604,2.7053039937844576
483,2,35.39663203460317,-15.147512978838167,-31.991786601392313,9.263713798178218,2.885779039449034
484,2,40.84680412018039,36.24927876427534,18.82687429984707,4.533934008952022,2.5995595118305386
485,3,112.9314275154751,-17.45876075572091,111.57373792052279,12.63612384511565,1.1517285553755325
486,1,79.4438696932565,27.831669577909036,-74.40918357531692,4.550310988069566,1.5409586592247133
487,1,75.48046179267605,-73.0694160129146,18.925130276097164,4.106080171704717,1.6251377590095482
488,3,116.32235028705117,-111.37654803855526,-33.5582139470924,9.468048908706296,0.9428076815537134
489,3,126.18046587605218,-115.10416055565065,51.69663617177202,8.5029427638511,0.9823844005081082
490,2,45.45655060297135,43.73825119683545,12.379958601021933,8.401063316947745,2.508500068655638
491,2,43.045690604535885,21.737248206518757,37.15405119269803,6.280719739696094,2.808022352462786
492,1,74.5384361766371,-70.21730265001821,25.01017545348991,-0.9341394071743045,1.7054052926136416
493,1,78.41795775152599,19.890220404856805,75.85351165349125,0.7656270765859952,1.7365199901542534
494,2,46.06548849989592,43.812758336929626,14.22924585646922,5.6283084956145055,2.5519285528393447
495,1,80.70858456819953,44.79697217153545,-67.13499018592982,3.61999796633111,1.5348840544647036
496,2,51.59664769990847,51.23681007153424,-6.083037691975778,5.8868230222002085,2.034122094019781
497,1,81.96658919697185,21.947949334173153,-78.97347190423953,5.437941579587326,1.5533521124092142
498,3,120.96024558245016,73.40554305221514,-96.14055991399282,5.09779627192275,1.1384076812322101
499,3,118.4544176789875,5.968661134689717,118.30394816711431,9.28717587301032,1.1454411750664295
500,2,40.66770452391141,39.42958978993676,-9.95839546520821,2.3640415492256905,2.7038465722847436
501,2,39.23765081809728,12.843627339763879,37.07606341671402,7.519424590968336,2.812900857053866
502,1,83.54054338344295,79.68048873932844,-25.100639495093912,2.8110825711159944,1.364244839776527
503,3,124.78351158397292,124.71740777326481,-4.061152735947298,9.839219944048237,1.0610442759492187
504,2,36.070052697460255,-8.591558040124216,-35.03189735142441,4.272234078820468,2.8711609276786727
505,1,73.3438352322111,72.82967701743571,-8.669274024145743,5.558929863315502,1.7660283070350191
506,3,110.81897313448351,-100.40802626112473,-46.894275438764,11.083449328117702,0.9952610329824563
507,3,122.53995663456271,-7.34221227122625,122.31979762477032,10.167088606023775,0.858543495759275
508,3,114.48316696913064,-105.62935615808617,44.14560722099119,8.740965506273119,1.0916138734284886
509,2,29.235547035237587,-24.327746604757348,-16.213511513065473,7.159714570590264,3.7496472675382
510,2,41.94289302265482,37.59819730465182,18.58983148256969,4.586214864025302,2.603052558206467
511,2,52.46499758716395,-37.71243220586951,-36.47394177956114,7.711111318041424,2.0444097467903757
512,3,119.96964544230053,119.13166486600099,-14.154937435613272,12.298961788647842,1.1126297741533362
513,3,124.19245387225821,45.64017824181263,115.5021200189354,11.141221119958372,0.9787030691264385
514,1,80.40914679273783,21.264154998734256,-77.54654473363637,1.540795060385181,1.7100734555887143
515,1,79.50555173404429,66.56049119043116,-43.48371843602301,3.7228346345462056,1.7190963707372493
516,1,84.59538241493884,79.35774564931057,-29.30404291883755,0.4137169124827045,1.4332835274363926
517,3,118.54862727905675,114.84928182164792,-29.38400066023016,10.144780622351352,1.007477702948648
518,3,121.33696157035952,-120.23565153413195,-16.31092711312559,9.901206825725078,1.1927173865182252
519,1,81.60848903098007,80.78039757031117,-11.596242939075525,-0.7396326790643282,1.2437191905885663
520,2,36.659547731784755,1.6832318437429552,-36.62088434840446,3.6764323121752724,2.965186840673075
521,1,84.96021174768262,44.76811203890655,72.20840480638648,2.4337222065124657,1.3451832457276183
522,3,119.12520121652295,-117.87266350341906,17.229299564602712,8.398280505718347,1.2997208792832722
523,3,116.22127420253578,-22.973532692229426,-113.9280534938611,6.58104612916239,0.866429182203566
524,3,122.68254921785201,2.0500880586590524,122.66541901262322,9.777957458704368,1.0915192906657725
525,2,35.50766009104481,-22.52751399617568,-27.44640301193009,6.502947217881024,3.1866255069762177
526,2,40.14090578684564,-20.084908032690905,-34.75469445566694,5.611461736042961,2.7337332957500053
527,1,79.95440501677898,41.690470837453674,68.22471343243998,1.4884169996832741,1.2934143429613796
528,1,85.42947782915789,-78.38510055120692,-33.97015887127643,5.097414252833127,1.6567868372390069
529,3,122.37349116439977,16.57770274344553,-121.24541686807542,12.310814226176591,1.0761756588002536
530,3,119.87486520627428,-119.87197945983394,0.831774370595286,8.032877032306926,1.141296354237601
531,3,124.08883149600143,123.73020070107296,9.427382272679935,7.7756661656903585,0.9241791895835855
532,3,126.95103774508657,126.74637489178495,7.20572247213973,9.982415330823992,1.0294543010231803
533,2,42.78905153175931,-26.65467039498505,33.47284686312567,5.283941240506028,2.5516211730488756
534,3,120.0517630992169,107.37279670317088,-53.69830864533847,8.721205598673532,0.8704219433596214
535,3,113.4408188382492,15.153116828534362,112.42420748696992,10.479306303449343,0.9345970859789294
536,3,114.67443168462313,-76.17886273993605,-85.7146787536492,5.181287824985414,1.2907702305119353
537,1,78.47387647822666,13.69790453607315,77.26911867519004,5.636604649705339,1.3942193958468958
538,2,36.952438989203586,-16.0835452645087,33.268638670304995,6.145361048658683,2.803660452474229
539,1,79.06514348507277,45.68293616425749,-64.53190108564539,2.1770137108756398,1.5172355716121912
540,3,120.28324962448553,-15.928789060222234,-119.22388107800066,8.821531691557102,1.2157445197599983
541,2,42.64846377178365,35.2134656323924,24.060409394884825,5.924858710041037,2.3757236009456517
542,1,79.64750610970454,-71.78825514665732,34.49886451021033,-0.4624026068898508,1.543936052214619
543,2,42.43250821913101,41.721821468844446,7.73352229507948,8.989876454906472,2.4162889103405254
544,2,40.3223720740506,-40.03205759669957,4.829912447726483,6.082651264541237,2.498243353436755
545,1,70.12266716823065,-36.66377948485269,-59.77420618186868,3.8860042608947505,1.45244437233054
546,1,75.30332303090623,55.37630843513142,51.02994144219847,4.9030995411480855,1.745044698713645
547,2,39.27956222139192,-9.50164024741735,38.113027181173344,3.9576750848793996,2.6048394627936506
548,2,33.951526285794465,-27.193570242381686,20.327711986538127,6.946943798070457,2.967951367476609
549,3,122.99964364998102,107.61033584605059,-59.57287937579078,8.464717818202413,1.0319604290698459
550,2,47.65375416171849,47.610965985047095,-2.0189610387995325,7.693541550432988,2.5204672921550753
551,3,126.09380925848659,121.10667618677866,35.111561006402646,4.745545159297009,0.9242645342526341
552,2,38.93278564534896,2.6906328074344965,-38.839699962824724,5.801811399517462,2.7793855917927313
553,2,47.45363068424976,-32.857056840092305,34.238295531818075,4.794358688432077,2.127281582094735
554,3,120.74333728601056,-94.2119346192189,75.51863925063356,9.86452590126831,1.0527423053493088
555,2,38.31457014440981,1.02661632829733,-38.30081388515618,6.940088374736404,2.8987797077870856
556,1,76.93298668229531,67.0471609540808,-37.72747868405481,1.5847482103559478,1.5852860735177736
557,1,78.48765156755935,74.78643195810743,-23.81808228145098,1.5756522716479129,1.4402991163044707
558,3,118.05911590729386,-104.46729751863829,-54.99580527607678,8.77866926288534,1.0047998687996633
559,2,40.85208111187744,-25.466501367025312,31.942915322410872,4.206715545369583,2.5011675190988605
560,2,40.802869905249324,9.537476894071425,-39.67254374248965,7.683967390904254,2.634207160648006
561,1,80.01523010076707,-0.503442632252294,80.01364629608334,2.261585599105108,1.2995094094072739
562,1,82.18469084873175,-75.6140006119307,-32.20009815762299,-2.813976438643283,1.6000695993742369
563,1,85.9532313739317,-54.19493863442125,66.7148155212315,2.2503558867563878,1.64656054089247
564,1,84.74777067720662,-46.914485085428936,-70.5777282428775,0.9229123583120553,1.665009270086371
565,2,32.575510157750486,1.963939302137581,32.516254465347394,2.737448369078109,3.502326307092232
566,1,67.23039432549022,24.122288857503104,62.753813441384494,0.525146723554855,1.7878185567670961
567,2,44.67159955619637,38.90552172656752,-21.95249840206682,6.21881694366594,2.588991597211211
568,3,113.16560650792289,90.79320614970814,67.55033836601147,11.657281656496462,1.02626360962262
569,1,78.87617299053659,-78.82091279702391,-2.952011429009931,3.62636894772996,1.5831951989405846
570,2,34.1494348697032,6.219136790676115,33.578359690416086,4.786993223568521,3.156130920386739
571,3,110.9900978120999,107.68628433613253,26.878727243251717,9.911808390341406,1.1419899463379606
572,1,82.70731364102394,80.59830596387353,18.558362144018407,2.0818193795620163,1.587971196772584
573,2,43.79577580151324,19.82847177884998,39.04998956429774,4.61079926167371,2.4242844111090216
574,3,117.11744799636641,78.42355492909583,-86.98415176033323,6.691274663534031,1.0128635474142937
575,3,107.04478853927546,-21.69332357223469,104.82359689406067,5.496342386496561,1.396509298050716
576,1,77.26877775873758,73.55555614678735,-23.665252507970248,2.2201525868811096,1.3222959419749212
577,3,121.95902002701273,-106.26907078478177,-59.84051437352734,9.316106979840264,1.0627647018997877
578,2,32.60544215612936,-30.05358795417888,12.645027057192543,5.80675265997022,3.523373070629792
579,1,80.91679959889578,-70.88616261512094,-39.02153773277638,2.168066144105283,1.541018814525657
580,2,39.923450754135025,-39.703913445718904,-4.1810497740048875,4.108507878606438,2.7779970384454415
581,3,122.89645749800545,6.773424386392105,-122.709657271304,10.216492383369937,0.9385651938412414
582,2,40.59790184207077,-8.231756051328992,39.754595033653935,3.36573616010683,2.634819225905532
583,1,75.13465529559222,-45.31987983639747,59.9276640459309,4.552055827686951,1.7569679595783656
584,2,45.982857508322454,36.17261665229983,-28.389522524277293,3.9955659621465505,2.4543325480406164
585,1,79.20735213486515,74.7670909873044,-26.1474040300882,1.49512952529393,1.5198801608063386
586,1,79.86347730245033,62.34615052821262,-49.91124643957967,0.06642961876864595,1.3019266704638484
587,1,75.33366020463401,-65.88911834297477,36.521013729258996,1.9971957062287267,1.335441946837199
588,1,77.78358874404245,14.750620272563582,-76.37215382243035,4.950624916955958,1.7674608284039726
589,1,75.5759864298655,-74.74211439018391,11.195805524028847,4.031256176887913,1.511664698383772
590,1,79.13526970038288,-79.12581574391761,1.2231898511416783,4.95684422405607,1.565265584447989
591,2,48.558542400711715,13.641098177929567,46.60313809800585,7.044285091867872,2.099227424074744
592,1,73.14049428534322,-61.47467862584117,-39.62821964400964,0.7926603429392616,1.7087888108602343
593,1,71.93219301061629,28.09583451286635,66.21830920781791,2.338421551344885,1.8564814814313702
594,3,127.35585163746805,-62.448366518475815,110.99420915290528,7.439601741765075,1.073034081431936
595,2,38.95338161424067,23.88064266103415,-30.774678638137864,8.66114980807808,2.630228876008289
596,2,36.65463630670042,9.766368145750404,35.329596884455846,3.606422707147377,3.0190286048597486
597,1,85.19952343698039,76.82478644902464,36.83627262563801,4.787395378778221,1.5568890918738738
598,1,76.97192230131569,69.8492779783755,32.338138299218876,4.785907740217539,1.5023833052379922
599,1,89.13004856773468,83.03175055430275,-32.402067180579515,6.659240403432174,1.561874955078495
600,1,83.38962935669635,-83.310808615284,-3.6248382191090514,2.1806268147410055,1.523531361217602
601,1,77.56044295927148,-65.33248006096117,41.80059043987915,4.424644319160324,1.7389414896379929
602,1,90.78654106632752,33.8862172542273,-84.22541373592225,7.5633036730776855,1.4132375103769879
603,1,76.9714253849833,39.524929002979746,-66.04831801874641,1.7647166461326067,1.364827410238563
604,1,83.71047686004654,-41.33384478191621,72.79393664091018,-0.07008049506471936,1.3494394566282102
605,2,41.49646290203246,-14.394903747181477,-38.919701688079996,2.2399799321844727,2.5107414224185556
606,1,86.50870644699398,11.447635436385797,-85.74793253512169,4.425424057722663,1.610366263382726
607,1,87.80755598363426,-49.51444359123281,-72.51542431558744,-0.7663004161171676,1.5190541889585547
608,2,40.160020745328836,23.278666811760164,32.725081172279744,5.255361894124154,2.828237738820824
609,2,36.23291064826908,25.76229923812815,-25.477985634869032,6.874626374077922,2.910404960488956
610,1,82.29986071469558,-79.8294080991086,-20.013312474557235,3.370351073659828,1.3070912710948461
611,3,116.61142315123946,-23.627531558835464,114.1926607177259,9.850889728368344,1.2357744641401671
612,2,50.066936237633115,-44.64250956321717,22.665931353493583,6.444579711601708,2.2344051030100753
613,1,80.68267665541369,78.44498694456263,18.870038037837517,5.557731626626786,1.352318208035664
614,3,118.17339224343945,82.04257461284419,85.05272826439895,7.095367238522406,1.1545251672624268
615,3,120.92340152932454,11.793398150764004,-120.34693513953648,7.646009723082937,0.8471367163273135
616,1,73.26436855235151,73.2643683565856,0.005355868864908601,1.454681109458352,1.5280051007965745
617,1,75.14192980744674,-65.05100264299735,37.61218778970461,4.66038362372522,1.56509339992387
618,3,126.00206953972213,-124.74389380301594,-17.76182668406754,10.800797176790127,0.8676169252700552
619,2,36.71552860514302,34.57341136865539,12.357559107234945,6.902450638637016,3.215970443703336
620,1,74.7654450865903,73.69834723326186,-12.586714983724487,5.366987333779855,1.4420649624986375
621,1,82.68326376263643,12.356765692539897,81.7547090268284,0.6439182652472386,1.2746111645927831
622,1,85.92852077331499,-28.699841988195793,80.99401059425702,6.3344482231022745,1.2655253964666489
623,2,43.594766553325336,-14.494340414508509,41.11469040120914,9.046477243424516,2.6783838867411136
624,2,44.98023842902908,5.520671386878653,44.64016169964445,7.471243994491493,2.4359513606482115
625,1,76.21602455715269,76.21275670010107,0.7057729576167765,6.56359781754212,1.594768006870356
626,2,32.89094666629078,-4.256630478305519,-32.61434453696632,2.6867535846444524,3.050854891744816
627,2,47.506668259777435,46.47960266453197,-9.824971516079719,4.951103727474696,2.1221833075259227
628,1,78.38660080578933,12.605931774119535,77.36633421581001,1.5293930786360954,1.4986410112706379
629,1,78.74583491772476,-40.91350206240322,-67.28292402890416,4.442958647514686,1.6782360568149666
630,2,46.64097070924529,-2.373786684807809,-46.58052474452929,3.899718520795709,2.5866571486756804
631,3,122.7811500470033,71.1826783114004,-100.04117709863488,10.51499029867497,0.8578105515601584
632,2,42.279438860408035,-37.38116249052282,19.753471624200916,8.741072287993427,2.6343974265536168
633,2,50.825011724505416,-16.59323374918486,48.04005006805286,7.390405800167999,2.4241500508449536
634,1,76.78240884809928,-34.98528913924553,68.3488686984654,3.567502047323002,1.4963680229458578
635,2,44.63920064040619,-10.387720624811948,-43.41374775385439,4.024253318198502,2.6549663994095156
636,2,40.28506562448542,16.41149154365734,-36.79061643519391,4.306298067749271,2.5491572997011014
637,1,81.34296139431629,33.88599995793088,73.94874153931451,5.499237810593334,1.6970599123084984
638,1,87.64234213206265,-60.372003498578955,63.53267921283576,4.558698007810665,1.5167126585942088
639,1,82.53917878144811,67.36205347548365,-47.69769161586267,2.9219609612449116,1.6822130522685816
640,1,82.69148039524816,28.83701508815423,-77.5003709072626,2.164180908468219,1.5476230409711123
641,1,85.362536686549,84.97651399286688,-8.108929595361172,-1.0516157462227538,1.3531760561758257
642,1,78.17523635228558,2.0864527488242617,-78.14738827153879,0.8582951626311224,1.7482680427827897
643,1,75.80395166330497,-59.36617260891407,47.13699860556776,6.822838174279447,1.4569758287303198
644,1,74.77595402989483,-62.974346044723895,-40.31966072923125,0.4390888579950665,1.5034145679357944
645,3,110.16821705311999,-58.437107118757766,-93.39240097702911,9.378959642442162,1.2581070172598332
646,2,50.28103564970161,44.29455160904434,23.794437244033976,8.014887946390397,2.3714795554449655
647,2,34.483958171391585,-33.144970024468606,-9.51600405860369,3.490154663995415,3.364600863219809
648,3,118.89373188207114,-30.05882075525552,-115.03124260673376,9.369420949562167,0.943488437782659
649,2,38.6159335005554,19.170248355850926,33.52151395886397,7.87583107502131,2.988603642823754
650,1,81.5370334890455,15.596299442550052,-80.03151425464871,3.0249986438145005,1.5957096006196436
651,2,44.078686062696484,-38.11226301127554,-22.14466015031868,11.736806111333536,2.300567443516084
652,2,44.30236744179873,42.3210570760071,-13.100682765317899,2.6628014822436095,2.4508272855750275
653,2,37.08461280715531,35.77501161959775,9.768165164158196,8.117457059767759,2.8379189043292326
654,2,39.16439143106794,-3.7655858441603227,38.98294395522441,5.654396525207071,2.7055850279126172
655,1,81.4128997524415,-65.3940810399849,-48.49406573011772,4.54384030967335,1.719780014092695
656,1,78.75654436908226,-22.712568501591516,75.41042708418867,3.8826143033984915,1.591124457604845
657,1,88.03672788009996,-19.515343971749253,-85.84647229501675,1.5336876057800068,1.4947276378112202
658,2,42.45487475819126,2.400894171690162,-42.38693310337573,6.45799278491868,2.8437509338343006
659,2,43.67438893024909,34.923108319044005,26.226489543341167,2.2841970972034256,2.4782723084913862
660,1,83.31440634333707,-82.998938533577,-7.243376743079941,4.2064950011427875,1.60119269479872
661,3,125.86736928742663,-125.67103879124585,-7.027422035612126,9.59631693198105,1.0117525720405696
662,2,40.90510779351853,-27.866436101793155,29.944775547398073,7.277320337286205,2.879449306976424
663,1,73.51584026022077,67.08309848431131,-30.07385354274517,5.116236650174301,1.450579835542272
664,1,81.99843975876321,38.37239225907882,-72.46587911001222,3.7352396804194217,1.6933784881592158
665,1,76.74321553104086,-24.991001138822593,-72.56011984639468,3.2961788395965526,1.4124326357095625
666,1,77.35691659125122,-17.194141655352194,-75.42184058508172,1.2378633266774155,1.4558194824323756
667,1,82.93182009377547,-80.544079211894,19.756975678845347,1.575558472701898,1.5839059001610638
668,1,86.19141535716818,75.78810421330222,-41.05025384849074,5.3734692403546624,1.3570859231529537
669,1,80.1063578836803,-27.32656549981634,-75.30131068827765,5.8726708114119575,1.5524460528922
670,1,81.54416506299482,-10.737924589601965,-80.83407592920801,2.523779127375892,1.4486160645052184
671,3,128.5110747231762,82.96340802977241,-98.14361545506294,9.092005494506548,1.14932802131609
672,1,81.20376589744284,-12.234994019996345,80.2767495434223,1.1907712500124679,1.3456356066073325
673,2,53.008415570901974,18.603384036719902,-49.63674267838048,8.34551369053489,1.9157219008860389
674,2,42.827548228157724,14.446381044153593,40.31750193107573,7.330833647383558,2.4849104086161673
675,3,111.19618620422091,-62.698981757746225,91.8337057561415,12.882434872927497,1.1364657514098786
676,1,83.76670810552267,-42.91696176690721,71.93744351541596,1.2433538456405222,1.2778017156781707
677,1,81.90579192441389,81.16134666445181,-11.01791987527867,2.2439842019635656,1.3983135233789592
678,3,126.44876377041373,78.46274594829313,-99.16091648083687,9.462891845051145,0.9908256542837399
679,3,123.36590675634979,-37.25872556339771,-117.60499274779028,10.292979075451541,0.8392926468980211
680,3,119.30772008008113,-17.139490228838184,-118.07019075703467,8.568664724904735,1.129822352258884
681,1,73.87850881855317,-68.3304844691619,-28.08876924079555,1.2540778190925992,1.795745325570058
682,1,78.95488371356987,74.63203615140979,-25.76689430486343,4.762815057847142,1.3424175559271563
683,2,35.7473977289535,-35.7375215951453,0.8402348650903436,7.442270725091163,3.096310429350798
684,3,117.09738275097638,-85.62061182507485,79.88058511195644,7.16745179887255,1.186359654587192
685,2,42.942892022103045,22.31431431823817,36.6900988241906,8.710885602210992,2.538341430173804
686,2,48.34952252175703,10.904258603898628,-47.103858359811596,8.340397418393207,2.418821545600223
687,1,81.9733576491149,-7.999460580398625,-81.58210584860109,3.268592994495586,1.425274323351355
688,3,114.02058468982408,-85.22183657736235,75.74914061156528,9.159195724752072,1.129353262536193
689,1,82.22301334110071,81.19502039860888,12.961195367724134,4.108115542231815,1.2198810365188866
690,1,85.98315743322826,45.61380288525397,-72.88679131730599,1.2765938594874837,1.5088785246975518
691,2,36.95108547840309,36.85603605578473,2.648645745838315,6.060062958328165,3.0369517830725186
692,2,39.32991416663541,-11.280875490086617,-37.67736716560848,1.6952329107816393,2.561794342537811
693,1,80.07344097364599,78.679256458684,-14.877182275841117,4.752911291005871,1.4329785909511024
694,1,76.0755084345888,-70.3140794167838,29.04157742532956,-0.12298644488371879,1.80399941262227
695,2,43.2414021692193,4.076568995118172,43.048814696669695,9.006839656857998,2.5229667397862716
696,1,79.3952592569611,-22.212356219668127,-76.22478877406377,2.3397598120670993,1.5104937487325705
697,2,42.09766221953514,17.234100372130293,-38.40831874364478,5.576666036137646,2.8303938969203823
698,1,75.5625391109895,-72.36984531768982,-21.732528743647553,1.7445321878309887,1.6820380279608576
699,2,37.812708498382946,37.00451887115738,-7.776021289698172,5.4239222521558474,2.9356485823186933
700,2,43.61190678913886,41.333807941707214,13.910957365422325,8.837062690296072,2.6918541366902433
701,1,78.13583423954117,-78.10036656361456,-2.354004022530609,-1.9756173130701589,1.7120056496604574
702,1,88.63481925616702,-17.453471804429174,-86.89941027731658,5.5539307721763755,1.3566688220103642
703,1,78.00181907192699,50.71045949247275,-59.26831427155587,3.6760469622034164,1.519575565938886
704,1,81.12342362875943,34.883608492112494,73.24031485336597,0.5859567042855689,1.4257150601392845
705,3,124.66295415936546,38.52556511386431,-118.56067211515568,6.849375213901524,1.2855159954294233
706,1,72.90817133533484,-68.94656810679305,-23.70595270723978,6.352786054416406,1.720171498770334
707,3,111.19595594009613,-88.52315725881523,67.29183640206936,7.108986240114538,0.9409248143700595
708,1,72.37171842714953,48.970487045694625,53.28749409201065,0.6932989788080812,1.8132350355657152
709,2,46.31292051713591,30.691788249059297,-34.68285946835199,8.274629084729458,2.39950462918263
710,3,117.24070927053776,64.50739341606734,97.89882586080117,9.677105752571828,0.8873230043072491
711,2,52.79099642834126,-19.368219891689773,49.10968704974908,4.124148846927202,2.169121035296207
712,2,37.17876200671306,-9.25628390478432,36.00807621389736,6.433249950809238,2.8982897736996582
713,2,40.922756515985185,28.27748667535146,-29.581341216921324,3.9484946327194455,2.8825028573660405
714,1,87.71054976283938,-40.94348065198004,-77.56785372691743,5.20164279684521,1.242111008427102
715,3,130.0304644407956,37.59445989719037,-124.47721987467249,11.122741929746267,1.1822828532468328
716,3,130.307517883182,-0.3830898447669463,130.30695476085162,10.064012397643886,1.0462597766014572
717,3,126.04183115296571,-89.19550847615531,-89.05450279504582,9.723322122494032,0.8206925459761398
718,1,85.12031262905731,-76.61694302053165,-37.08519467735151,6.522376249734748,1.6607303658997192
719,2,42.96263474600592,21.36363073436921,-37.2744318020306,5.999372654776451,2.583911610754752
720,3,123.89180538083319,102.94175007988247,-68.93602491450508,6.636251749158397,0.952594313597615
721,1,77.24407141835734,77.01884452869974,5.894417422295938,3.8989478256646137,1.52930115728426
722,1,75.90900558288847,-34.877812279170996,-67.42192031677756,7.1720940990742275,1.7462956420161362
723,2,39.98312771294524,37.88117150205078,12.793253977855102,3.9704810136282958,2.65350652512439
724,2,39.14907688737536,-37.318782031931576,-11.830415410576597,5.277074466612029,2.6506768430007086
725,3,117.73385975336362,-27.579886755587523,114.45790308656568,9.832892076202905,0.9139089491126791
726,1,83.48193723728357,-29.153509653797215,78.22599772298022,2.8921903019885216,1.3467936121487134
727,3,124.77652604285255,-75.20549642066332,99.56563041252868,7.035392839245371,1.1914568383844704
728,1,80.44203443145923,-58.190613599881665,-55.540736332365455,5.243715712460942,1.4789443478742272
729,1,87.3876504052763,-44.034147668569645,75.48241704170177,7.640081444034519,1.258067254568998
730,1,74.29155442933248,-8.059972959331851,-73.85304256035299,3.3922629180478148,1.429140523273301
731,3,119.03170270360141,-98.2496970504765,67.19779221081701,7.191863420528,1.0064770589955565
732,2,36.41588839698598,33.10874812021915,15.163367886245558,2.90207894989305,3.216016296392199
733,2,30.6673169146347,6.456458198082539,-29.979967883222496,6.515951962442362,3.4323137803542543
734,1,79.5865965707865,-17.731152948613833,77.58629111404919,5.207754686632516,1.7505550193181805
735,3,119.39126245808359,-108.89582066382972,48.94868530702367,9.950335492990764,1.0801974591209853
736,1,87.56724871621066,-34.552874430859994,-80.46192836548177,2.9951923181622924,1.2315614259669874
737,3,123.15405842277389,-60.98827464828521,106.99230094462561,7.821456696421388,1.2575611510271383
738,2,34.87906587835398,32.697704427331374,12.141225709516762,3.8156727345638206,3.0972269461079396
739,1,89.27046283167094,-62.69436996932865,63.55022823192442,4.669502652649764,1.475027018676953
740,2,46.10516847762676,43.32509659710616,-15.767769823338003,7.8275432427711715,2.6608100173878855
741,1,82.91048851734308,-52.14983572492578,-64.45575024811778,-0.09145957338146626,1.2312076943308083
742,2,38.86757950575084,-18.407250238901774,-34.23246814470603,9.179677956361367,2.6211856524300514
743,2,35.2028038163826,-23.727544035182728,-26.00463517516033,7.148142441788003,3.2009111902476532
744,1,78.13896611964473,24.616383964694684,74.16017574648613,5.7991892902915865,1.420683721641639
745,3,125.44374309852093,-109.28852687247102,61.58043988648423,6.315744503029769,0.8893207886680858
746,1,89.42293152967305,0.5280328381822308,-89.42137252739077,0.2683516891691222,1.137962328021338
747,2,47.71621764136094,38.359860514528236,28.378839428413244,5.702061380465406,2.1066468844506225
748,3,117.55575289106864,-20.4678940083436,115.76018466056973,10.005568853790388,1.237902999301673
749,2,34.401912833554945,-5.663076373998872,33.9325974925258,9.592721645853928,2.974031822595288
750,1,80.70443123455603,-73.45356131078553,33.43321031034641,4.4121578276302635,1.4729496426141058
751,3,111.15780317218574,110.31327273640093,-13.676222587059874,8.514637446375934,1.2025703607611076
752,2,41.615838570923906,37.92853759834448,17.12612202491175,3.9472615846682158,2.6171071743851413
753,1,79.26198706850666,-78.71544404066239,-9.292010736620114,5.4600011454383,1.2751921482376334
754,1,77.66981749065879,33.35047182324695,70.14518214531243,1.0705891484985703,1.6792521672980132
755,3,112.02648466366603,110.13042579492365,-20.523707762668348,12.256937109544644,0.89790267092586
756,2,42.568000532848586,32.228978380482666,27.808768795381397,5.431230700786982,2.730127402278045
757,2,37.33649580169045,-30.69462746616586,21.256852153198622,9.181164145235702,3.124996795647145
758,3,114.15041582144856,-8.680841674578176,-113.8198595150711,10.357862580118557,1.0924570671863287
759,3,105.63868893359175,-29.756143026419878,-101.36125764708824,8.726009021115084,1.214394116948935
760,1,79.86242547474681,-70.63327848243374,37.26857890411775,1.9612072563477467,1.4906450012647459
761,1,88.86125798334872,-50.64897334479053,73.01372932197036,2.3181842453078403,1.3199541216983335
762,1,88.30629607273934,-70.6546104073188,52.9710105083554,3.856633384750475,1.5761343536214802
763,2,37.71451871706864,-3.3784727953099587,37.562891843300235,6.154312992435433,3.098465525614742
764,1,76.9889396981911,21.32452306616047,73.97676359406712,1.8123771838625897,1.46679605364379
765,2,42.34387128037512,-42.10366936892658,4.503827336953589,5.668737179364736,2.6691517291336315
766,3,115.00807280405854,-13.362558719206328,114.22915054651939,9.1571540594383,1.3329579607523179
767,3,121.50895949909733,-28.337243656873778,118.15848619749764,4.742531811170376,1.3040138294739543
768,1,83.83040139192344,-46.351808404210836,-69.85016861246886,3.9163362295773974,1.4473641818563918
769,3,126.13466611942154,123.67803185348012,-24.77293753085217,7.040557550566387,1.019215864819026
770,1,79.49922961760024,-63.231630880339246,-48.185976860539576,0.6933351935885099,1.3972209824152753
771,3,118.98163124911517,105.33340468774651,55.33084520941139,5.625311305778579,1.319901804730995
772,1,75.61008706621719,67.2427553915233,34.57306919434125,-0.5877849957357806,1.3939820080545842
773,1,75.8655982298007,72.35922646010378,-22.79761699961107,0.28910499377542154,1.6080352844456396
774,3,118.86760554049236,-34.8024948063738,113.65867323782385,7.5819580847390196,0.98254723262342
775,1,81.8368275340809,68.52181170578761,44.74402375065846,6.906518275053136,1.3614478960891578
776,1,84.56792313116625,-68.7140500330325,-49.29617582304685,1.9482406482095922,1.3849657393409376
777,2,35.984105246598276,-25.659709319813505,-25.227666321341292,6.355500212536063,3.27840123444856
778,2,47.46344284479761,-28.25781191603499,-38.134950798438965,6.800962773012658,2.1343678209943544
779,2,38.64438199478715,-4.216968896567261,38.41360999807768,6.262130372431697,2.8769691678936717
780,2,39.89316352825782,39.71349574156019,3.7818979728967754,5.845113078548013,2.5479812406877893
781,2,36.263941604260886,35.39135223322741,-7.90731609213095,3.6094124728015107,2.8348205581058568
782,1,67.8787986986353,-0.38087758644433667,67.87773011109017,5.901855096558424,1.6929955217710964
783,1,84.42022698180524,-37.84014870997127,-75.46454710171379,6.614393287275771,1.4397803041078154
784,1,83.68421948546217,-22.522979842906192,-80.59630245791085,-0.3653173882453715,1.3243646297092786
785,3,118.59336221440893,-91.37423308196192,-75.59851248537429,6.951942818227241,1.0014460789031525
786,2,40.33495358612436,-15.53085534627197,37.22500521165822,5.440379315245988,2.522722758202893
787,2,42.5796960885205,-5.627496918533551,42.20618198111105,4.070924410179617,2.500147086553724
788,2,32.18727071556729,-26.31442242277146,-18.53568365810007,7.011931106911731,3.5900974673037696
789,3,117.35473661326853,78.21223436586757,-87.49274599112907,7.543455595186774,1.324470979715177
790,1,83.97132339810913,79.31216269248779,-27.58195066107867,7.330112135613205,1.3583218887630117
791,2,33.72855288415376,26.53270015070166,20.823810947377346,8.381097188687193,3.250274002741381
792,2,41.46778966083315,23.345275008454962,34.2720835978017,6.42514806126443,2.866307950090482
793,2,33.21709097688297,31.234633299725598,-11.30366381303837,8.053972526639464,3.013590334243569
794,1,82.33214991216764,-6.957130040436743,-82.03768189533453,5.211800848714618,1.6199341419417033
795,3,119.82179258851258,88.87371072680264,-80.36619638114729,7.872105023883513,1.3087575017701862
796,3,111.92434092047245,32.82110773032647,107.00389234900031,7.36756551091607,0.9391235672932572
797,2,45.82369677228586,-39.05820045607684,-23.963892901849654,6.156286125939295,2.2630008534666506
798,2,36.32704211600976,-10.978006600116583,-34.62856277679083,7.7232722489958885,3.23314337915847
799,3,115.9487378149281,-49.29480533785919,-104.94823470443657,9.278120797306835,1.131220167306467
800,2,41.00284598615472,-34.36237066346242,22.370982574557182,2.8460070356180056,2.445953416068919
801,1,85.74318674714358,85.34237172679347,8.280921543001213,1.3943511120983154,1.2950894234720043
802,2,34.92089090510802,-30.28696075101195,-17.3829983050427,5.852054272811244,3.088587209140091
803,2,40.308399249239855,-0.7854620431971121,40.30074564340983,5.84866879134834,2.8273269749510175
804,2,42.14408250165287,-40.102157440053574,12.959192048861654,9.945084353579617,2.73939255237179
805,2,43.46552803631572,41.930830373851315,-11.448038768062235,3.228024115202004,2.798384520656951
806,3,120.88220777638612,-97.3632959403097,71.64423745517192,10.011178483671749,0.9710072013914857
807,3,118.16486080458338,63.19148211448248,-99.84874018805448,11.97822621665658,1.115385325318695
808,2,35.8620488967564,13.506891194715816,33.22123479534521,10.542899490845592,3.055124872842276
809,1,80.43071941523188,-37.65357284042309,-71.07256206161918,2.1912051536320774,1.4461286790421597
810,3,114.63930494007197,113.44503970427053,-16.504338933725624,9.9828589054404,0.9568821184284457
811,3,105.39324758252697,84.52205382823767,62.95839143949216,10.139520714397294,1.4375556713323898
812,1,82.18279902078834,82.07053195114887,4.2942100724979975,3.3909634631065817,1.6434582301369112
813,3,124.51967420543097,-113.83362660210437,50.46835363709962,8.802309597521388,1.0522524572971246
814,3,108.1853378222908,90.37524368954311,59.46749236161622,9.871950779000091,1.225962386319632
815,2,34.95134647645031,-0.35480006644226425,-34.949545596899085,0.9355078295606294,2.9747506289017474
816,2,43.09577130502599,37.03198139337265,-22.042637284499413,7.364138980125262,2.592306814081489
817,1,90.2874773485585,-82.63960957174874,36.366516134975036,3.2523558073239345,1.455058375026827
818,1,80.10396853837705,-4.38245071140741,79.98399778305273,2.555050206443469,1.505961114263021
819,1,76.35998529385432,-69.96554280056088,30.58872626803104,7.093724391439116,1.8047290082752983
820,3,119.0855177944758,-19.77527554423658,-117.4321038963704,7.650131962418896,1.1454034996699145
821,1,86.87438209574093,86.7338418138815,4.939529200376751,2.1938480218699383,1.3365741801724584
822,1,76.77017910437732,-64.95994735730028,-40.9129030875951,6.983106604409468,1.6886651332632643
823,1,76.00403996674873,-57.547676448470156,-49.64754804267106,1.3358773903002867,1.4009507891702222
824,2,37.58628238908984,-24.376515546909545,-28.609685661042874,4.899769434126922,2.852803021818453
825,3,115.23335695870644,5.773854963555558,115.08861435794803,8.7059491531383,1.0412837519993239
826,1,80.61335157997398,-18.05319212009804,-78.56586222546866,4.681468964259098,1.4563928466595477
827,1,88.1233922923478,73.98936949942755,47.867582664974876,3.415605014706627,1.5256623882255487
828,2,41.615396365580146,13.041181385121842,39.51922067481459,3.4147493056954747,2.6450433237383386
829,2,38.73823248936856,27.81386934473528,-26.963666821750436,4.9356628737456205,2.978436308853936
830,1,78.54094365542228,-5.560326731728221,-78.34387402292948,1.7852911335755772,1.5614657212140013
831,2,32.18404595651671,32.064089146306834,2.776148653957153,5.845557909553909,3.2781642601807923
832,1,84.4155488857358,0.861214183199313,84.41115568342082,3.851687317259658,1.5896052550525317
833,1,79.610814014936,17.656172534908766,77.6282247609609,3.8364115117759443,1.3752555940641489
834,2,39.097600432046875,-5.096683538402153,38.763980400023065,2.4479764919031957,2.6698932131502495
835,2,55.965537839224304,0.8580532612775766,55.95895969578471,8.127881975121712,2.0390653453724905
836,3,121.49376454182843,112.23791912728664,46.51219552463537,9.505137691993246,0.9535121318512758
837,1,76.24104474952408,-73.71793892983462,19.451539384740435,5.7690640951878125,1.3161729728238605
838,2,37.86821201897229,-4.100221829084846,-37.64557958733181,6.888396654581344,2.9648860646315325
839,2,45.74222854598378,-35.836267936775386,-28.427334956282092,8.202645915471525,2.441710619386116
840,1,80.56635205268883,-37.533020664332234,-71.28961665550325,3.933090622900254,1.4639718634271204
841,2,32.80861010841316,28.635530879535864,16.01284698275164,8.692451512405496,3.531464640189103
842,1,84.59614467287602,80.69703524920403,-25.386929619449692,4.044501272035557,1.4676865580800775
843,3,116.65927957230502,61.5729931484342,-99.08659861490906,8.804169507114192,1.2889129220041964
844,1,89.36648888108773,30.3195299063147,-84.06601834982828,7.5448694408937635,1.188712797399921
845,2,45.40024032857324,20.09718774105968,-40.70976377716786,7.778074244559784,2.487234743562761
846,1,77.76339052170624,70.91607308267668,-31.906981743246288,4.147488842008826,1.7199419732328483
847,3,126.40508180867556,-121.54997551485374,-34.696515090083835,6.447391166923328,1.08266031331855
848,2,40.339277552637014,12.397521240062435,38.38696107496509,3.4233847650729246,2.8379805875232647
849,2,44.263868375611096,-32.87269341961418,-29.642470728896384,6.585430964283707,2.4452007411410954
850,1,82.42366408647237,-3.6853254864599907,-82.34123376230455,3.291042395536482,1.2594685654801838
851,2,35.76821672504563,-2.712817276881638,-35.66519241658577,4.771754869983368,3.0247283315504934
852,1,76.7822508384127,-76.08602804695941,-10.316510061558288,3.28196539922412,1.4996240213289256
853,3,125.1498040879058,113.7496420065016,52.18709042123284,12.17725385608719,1.2325724926442896
854,1,78.3261233394673,-54.01587667856522,56.72095436463915,4.390804949100597,1.3987109077049373
855,1,77.98175768379002,68.51609714417737,-37.23840710319113,0.7179829804945235,1.7657183067926234
856,1,75.22438710325324,-64.88099411201956,-38.06790010095347,2.7769823457141127,1.8084251882910334
857,2,42.11799532796731,-40.90231681023786,-10.04619380669162,4.3900670382948785,2.4980978646698504
858,2,50.31262459621573,-5.946110211354049,49.960023690088086,5.224600167182878,2.161598695372666
859,1,74.66233542872864,-50.57704124242818,54.9220104405666,2.1727686687407144,1.7871412780477085
860,3,120.1210972833638,95.07415905087629,-73.41649878145938,8.04470883479199,1.315804338212212
861,2,47.061102777077146,-23.582674538628336,-40.72597274712722,3.4897292560532103,2.3466166341253296
862,2,39.60179304377142,9.217518744172223,-38.5141449403013,5.74469063696362,2.6856367126360237
863,2,42.26185898124867,-40.5349601649788,11.957496768744331,4.87878472630538,2.629246752935307
864,2,34.688032359265605,-23.706285381275485,-25.32334145366646,0.14110261999546392,3.226723242293187
865,2,42.141535486038244,0.42798569234704653,42.13936213765186,10.105944049003327,2.509693032712124
866,1,79.06427867497726,-21.838299130718223,-75.98847842582279,5.177539308433344,1.6330302675388433
867,1,84.92864997839932,-76.29204343577624,37.31487231047559,2.247398550150008,1.2032876399965275
868,3,125.93693025782376,-117.8196753180652,44.48184473141449,9.037638099481196,0.8186955036747712
869,3,132.94781821009306,-78.6020307149073,-107.2233329752285,6.656691305364877,0.9453186633092172
870,1,82.89816586606788,76.3426191419818,-32.30960238846058,6.391445755621731,1.3830359025983996
871,1,81.62898158291084,75.11631449571134,31.950429274809185,6.794577389546223,1.3828717052830684
872,2,40.97192150788668,18.541943870480953,-36.53621038849487,6.313387456493049,2.6862057608467453
873,2,38.23416853594656,-10.061878534832429,36.886450682946496,8.047061288370688,2.7758284012594068
874,1,81.69241921730845,-76.67318141155424,28.19352070613675,3.3505735578678477,1.320232749501193
875,1,78.52299294930485,77.77987611610087,10.77735093056645,0.3265491222481387,1.4282471082445822
876,2,40.84230488134807,-12.875997501422274,38.75954793808044,5.176353262072685,2.9358937777500986
877,2,46.587987678039795,-46.58162096032827,-0.7701847813953512,6.263855933543914,2.352032763464208
878,1,74.96728717360179,70.345703524954,25.914786160579318,2.0909045625131117,1.5562715368915891
879,1,85.69939280564523,-85.56530450019432,4.79213867133488,2.562693445129928,1.455141905903447
880,1,86.58557533669932,77.66280902941475,-38.282501878115134,2.817200884981771,1.6465971674632958
881,2,39.40965736504461,31.079965817872893,24.231318956880312,5.838243004269078,2.6582497480570737
882,1,69.39072550495703,6.287446843692374,-69.10528777374448,3.1045169809949664,1.7817558335351997
883,1,76.96089006452783,-64.89485848543966,41.371922141460864,0.8787898672067982,1.6573536186604547
884,3,126.48497273280555,-70.98087505252548,-104.69080047452273,7.565967701744127,1.094269960759701
885,1,79.88565968850558,-5.134579290135053,79.72047867004464,0.4308314686000614,1.296078294298552
886,2,35.00348883852545,18.849996407641008,29.494437887518668,7.9556310993724,3.195294220298372
887,1,77.47612539385891,41.32346690401295,65.53564746821301,-1.211293883680649,1.322767554697362
888,1,84.20310013252276,76.07806129460067,36.08726453449522,5.307180686633851,1.4856760547981345
889,1,82.73366784100689,32.5487030514187,76.06209124193619,5.772698794525686,1.5784883607460873
890,2,38.805339504151526,-19.91711211225459,-33.304099134195845,5.395638826034757,2.6824499011068874
891,3,118.16587794092656,86.99359126252195,-79.97055576147524,3.793725824345403,1.267078993672769
892,3,118.0412092547809,46.28398850977854,-108.58876318458397,8.27737887606542,0.8623386747554638
893,1,75.38794907750749,-29.881767279648226,-69.21288066796386,2.8716316774223616,1.74837838422553
894,2,48.07687844734721,36.96057974732094,30.74576045543398,3.978803560142173,2.310166456177145
895,1,78.3883976539433,-19.106516475162806,76.0242192655543,1.9695632123835145,1.3844929636034289
896,1,86.08579260412748,-31.59314633719162,80.07894100696915,6.060390397726703,1.2285209396723045
897,3,127.60658025961226,0.034519335646623295,127.60657559063455,10.329854324603481,1.2603122305204741
898,1,84.9915544907398,-84.61407447840645,-8.001420806024223,1.1508717712438001,1.2129202865031095
899,1,77.84189843640976,-75.9076656102864,-17.244925450151282,-0.19519833919086427,1.3842019150525553
900,1,82.01865045168304,-51.03422581168966,64.20721780078028,2.345965364780458,1.393146060529367
901,1,79.87902196804542,-48.476814864589294,63.487452076420716,2.5730864412991235,1.5620105690912156
902,1,75.48149069634935,35.761701422010894,-66.47222088320818,3.9923983747266325,1.5972286439044232
903,2,41.62179640860801,10.171695753404693,-40.35976389648215,4.929366574864682,2.465409059312097
904,2,34.10480104420099,-12.114468796491963,31.880669692516744,7.022999150723723,3.0770024866926535
905,3,125.93839694230782,107.90931823271998,-64.93118559635157,12.87030808012046,0.9134148953122871
906,3,117.67691351350804,112.5430391875849,-34.379067824584475,10.631002044888525,0.9565557818333039
907,1,81.0057982793642,-37.563884858270114,71.76972836253228,2.9038229853384547,1.4400517008671596
908,1,81.41643935773071,-49.667944787848704,64.51148625045198,2.6336990578934105,1.5802688995968142
909,1,78.70547513147962,-78.65616380684125,-2.785625757942767,2.2866537316402575,1.3792861042144462
910,2,42.933469007376374,40.02884133790849,-15.523357309290283,8.361281824904289,2.5125246259546463
911,1,77.62548171688738,55.34266041376805,-54.43257618471835,1.7453731080973942,1.4836954855248252
912,2,44.35648648728622,35.4598258508037,26.647676148727825,6.090445417999965,2.74268996624726
913,2,33.27010159876626,-25.995130276256738,20.764220724907293,6.102395803762171,3.4830348503487136
914,2,40.63189789773206,-38.3686247835,-13.37160270852797,4.996431614376936,2.8611893684087364
915,2,49.694644995291426,-49.685020014706794,-0.9780221603974795,3.2550689042317984,2.133118712289247
916,1,74.99834337697213,25.90821173293371,70.38121961213584,3.645949007235336,1.3673814421057582
917,3,116.61127514737575,73.66078732049917,-90.40065211502161,8.877992056289234,1.016002077413241
918,3,122.56953924829457,-54.30955959376508,-109.88067932202868,10.000480938873139,0.9492606663335351
919,1,80.89790890969799,42.44588918736885,-68.8681214863263,1.9327993871216662,1.489088794397915
920,3,121.7531504963678,76.87766286941681,-94.41215285929813,11.441642597626096,1.2101979377055256
921,2,42.44593565073832,-0.4384789242861879,-42.44367078257458,4.246452437576311,2.785099640359701
922,3,123.17360734280885,-114.29761637975018,45.91070066714205,12.424080568035786,1.2342942764846583
923,3,125.54849920978111,-96.46128701370024,-80.35947835500771,5.504726980343477,0.9763427219641845
924,2,42.04909328464257,22.449459213858148,35.55485940157677,6.8695401291137825,2.7217897359535663
925,1,78.79371172690729,-36.367821071614,-69.89871671358522,3.950861365053247,1.4255539094075078
926,1,83.36286850601365,35.847698790143625,75.26161263886165,1.4088858641182354,1.230027615815595
927,2,49.49940967447608,-17.074337910948298,-46.461366133857595,6.848787875722025,2.3710087457517455
928,2,39.33683126808713,5.0287321124604185,39.01407627453285,8.559037339520318,2.5470605831408695
929,1,75.12735347664679,55.550226375601355,50.57955703665737,-1.4336376787081289,1.535664403220381
930,1,85.53540334643486,43.40939025952736,73.70162863148515,4.005489614981629,1.3337961810360561
931,3,119.39809418023201,119.38874100453748,1.4944615160730588,4.013458359339845,1.1842230757036272
932,3,109.13665226992981,-21.298487100129666,-107.03823296342848,7.0686703929535835,1.2994051943821816
933,2,44.23710838575211,-4.881664988309328,-43.96693195203293,9.25833272980189,2.412592901751872
934,1,77.32335907023038,-76.98323584409127,-7.244532895694508,1.836435933215892,1.6990837583139906
935,1,79.54733358847919,42.046929650391846,67.5265428406622,0.6522400711820548,1.404071541547454
936,1,81.65990165284508,70.66278425188048,40.928113317431595,2.604124542030636,1.4477544172583325
937,3,120.95249839889533,120.0799194733861,14.502406979528907,13.135812676327104,1.190280114243899
938,1,83.5472590856952,42.19048977524874,72.11176792491577,-0.6633644944120523,1.543387471588032
939,2,37.82256814715078,29.27196558737074,-23.952008097394426,3.897380176721311,3.137608350746746
940,1,82.56552899088041,4.38840205040219,82.44882355126687,5.994863366359253,1.323739711621425
941,2,38.702266612080415,-23.580633409978844,30.68907246719496,9.715404687075464,2.9149869532620247
942,2,43.694052404437514,34.466859869896176,26.855274830667295,5.7931375514194325,2.5934819589681966
943,3,123.07683742006526,21.266139834448126,121.22565407481568,6.5218945949467155,1.270049792714509
944,1,75.32280648977702,-74.77397196479265,-9.076248900553486,7.191687003618318,1.4058002164735255
945,1,85.42991058087516,-66.58721225831256,-53.520209131904124,6.188884783498393,1.5464492944772497
946,1,77.32018277442975,2.2576040552628025,77.28721684858942,4.3578939755244654,1.5774576864783707
947,3,124.04028899140573,115.96866764041575,44.014331970146245,7.37519530212516,0.9435226077262098
948,3,121.8364365670067,-94.37860768548484,77.05060471336739,8.901941318323926,1.0579899847156176
949,2,49.190918383975614,4.874341272170865,48.948822750106686,5.679279837910339,2.199783867172542
950,2,38.88267008814074,7.392906435277532,38.173380353623735,6.661702609231155,2.861496540924698
951,2,38.25341601940901,37.04340009327752,-9.545173999636923,8.902002876262673,3.058645927049646
952,1,79.90290197056133,-59.50228324458853,-53.32871676684048,4.758834082274806,1.5361714925653502
953,3,118.48410108582863,-110.99796030270035,-41.44797967038944,6.8452478460304835,1.159856302881065
954,2,43.99970950971025,-37.98102893206355,22.21296644306289,8.752992900039075,2.5321162010474163
955,1,71.91844695781705,-64.86921630272562,31.052339510808867,3.6262642800263105,1.416046594282235
956,2,34.73158790426823,-33.59077272694934,-8.828543818679705,7.374131591717832,2.995652660784778
957,1,74.66098539210404,-24.6584131119839,-70.4714509749779,5.933081718557206,1.5853884909952916
958,1,84.75153795986787,-25.10043408971196,-80.9493137405806,0.7768395009728977,1.3350372327988638
959,2,48.553066862909624,22.936464591690054,42.79391187807351,5.9283488425870745,2.1504839303453642
960,1,79.47775390731265,-79.47773396275508,-0.0563053894211942,1.93709089728157,1.5102801359142304
961,2,39.155891384049944,-33.316031994046874,20.572453481565137,2.8642811492690883,2.7152989970823387
962,1,80.3502608155659,55.197172818714634,-58.3903804230664,3.6934199552098397,1.3736048533442475
963,1,85.80939151304095,-58.18056775886833,-63.07355394374155,8.023113103168846,1.3973663145311863
964,1,75.36323432904713,-73.79700763930865,-15.284591980772339,-0.6801554890115056,1.393549086927011
965,1,81.19184491367392,60.769576520420564,53.84398062935937,2.9354387779010596,1.695523657406215
966,2,44.87598814891215,-35.34846382253182,-27.64670717695803,7.281085870149547,2.662214236599514
967,1,82.50547084969922,61.12680976996504,55.41358901458265,3.246156403312362,1.5658511305278173
968,2,40.94790808299372,-21.330818337872607,34.95321681061673,5.773743894968519,2.49523411104491
969,2,45.005230462835705,28.063657708640562,35.18382988000616,3.4015672731083515,2.60990258501477
970,2,26.483838535003812,-9.427703365548611,-24.748982055821532,6.465573485880327,4.179866357518186
971,3,123.38937659765453,33.4912906067314,118.75719645837586,7.4864720459681475,1.1943248506497082
972,2,36.72962158436288,-28.572243677243726,23.080121164731818,1.6201565900428934,2.7795810996640546
973,1,70.84683551571771,56.163579282442896,-43.18479436996212,5.389184441027462,1.733449626463203
974,1,82.5560129976249,23.372701922152864,79.17835617719153,4.916771639684085,1.6284612042121243
975,1,86.86829272581478,-86.763855117276,-4.25837131849553,3.1033219537021597,1.4398447144170494
976,2,39.31275742686154,-34.363000899137916,19.096519727665136,6.458149376411405,2.8669072216651106
977,1,84.76437273601469,84.21535826365684,9.631838757680526,5.148636025431123,1.4089226706280111
978,2,48.06139128994323,12.75727141252112,-46.33734302732842,6.448679313556165,2.3450258443305967
979,2,46.57457226792024,42.260053777239,19.57750333123692,7.808035109522629,2.164282758346509
980,1,88.19982264685697,-87.04839849323565,14.205105937650478,2.4050355982523,1.4532706388898777
981,3,123.71063745535946,-114.82810903314903,-46.030720127786665,11.623967477147893,0.8490615315984157
982,1,80.37716819450796,-55.598554719740804,-58.045584500840455,3.6415714518653677,1.461641698098569
983,1,71.99017094051416,-27.07584972778043,-66.70444568065237,3.388103887211748,1.5354060673807775
984,2,38.76968755935026,-0.7970870736594435,38.76149282015133,3.459877822575936,2.8520486640149643
985,2,35.78376702341904,35.713455237737215,2.2421189461025484,6.573911708603418,2.8612714102104495
986,2,50.85471358748907,-8.446215114786531,-50.148413178288074,4.336090165011098,2.3122077632729545
987,2,39.120570937838316,-38.14288925858121,-8.69132150538974,4.723434546943012,2.9537056807532887
988,1,80.61602403392243,41.523183926407796,-69.0996999099972,1.3692487433677578,1.3221254012530006
989,3,122.75742688020233,53.23450780110238,-110.61407249271039,6.86753013620155,0.8667712072562468
990,3,120.21801223186228,66.52312377444949,-100.13513103935833,13.249542806033922,0.9045798464467214
991,2,48.47525520215376,-48.26282504606875,4.533220211559771,8.662678123976807,2.501471950962495
992,1,76.88675319132774,-38.566756180952176,66.51449566811083,6.840735004288522,1.564708791956829
993,2,40.97303727618621,10.577628259333935,-39.584132730717805,3.554209960888872,2.674259913048865
994,1,76.28764707150975,-72.74314852422614,22.983460106990098,3.142507499821785,1.3641841214406196
995,1,73.39988744389647,29.808551354406006,67.07453870827895,0.4129847495918084,1.6871779127303232
996,3,116.94115454547358,71.6589738930846,-92.4133382527574,7.608610245605872,1.2891307409829313
997,1,79.81481601475794,59.05372459008741,-53.69415673523299,1.1637460331668503,1.6669931478440732
998,3,117.8534888774137,-115.2228684655985,24.761571499766745,11.479168012883123,1.161538509760618
999,2,36.53789510063072,32.48225972610031,16.730827279930192,5.20754064379648,2.7745238921662603
